-- --------------------------------------------------------
-- Host:                         127.0.0.1
-- Versión del servidor:         11.0.1-MariaDB - mariadb.org binary distribution
-- SO del servidor:              Win64
-- HeidiSQL Versión:             12.3.0.6589
-- --------------------------------------------------------

/*!40101 SET @OLD_CHARACTER_SET_CLIENT=@@CHARACTER_SET_CLIENT */;
/*!40101 SET NAMES utf8 */;
/*!50503 SET NAMES utf8mb4 */;
/*!40103 SET @OLD_TIME_ZONE=@@TIME_ZONE */;
/*!40103 SET TIME_ZONE='+00:00' */;
/*!40014 SET @OLD_FOREIGN_KEY_CHECKS=@@FOREIGN_KEY_CHECKS, FOREIGN_KEY_CHECKS=0 */;
/*!40101 SET @OLD_SQL_MODE=@@SQL_MODE, SQL_MODE='NO_AUTO_VALUE_ON_ZERO' */;
/*!40111 SET @OLD_SQL_NOTES=@@SQL_NOTES, SQL_NOTES=0 */;


-- Volcando estructura de base de datos para bienes
CREATE DATABASE IF NOT EXISTS `bienes` /*!40100 DEFAULT CHARACTER SET utf8mb3 COLLATE utf8mb3_general_ci */;
USE `bienes`;

-- Volcando estructura para tabla bienes.acceso
CREATE TABLE IF NOT EXISTS `acceso` (
  `id` int(11) NOT NULL AUTO_INCREMENT COMMENT 'Identificador del acceso',
  `usuario_id` int(11) NOT NULL COMMENT 'Identificador del usuario que accede',
  `tipo_acceso` int(1) NOT NULL DEFAULT 1 COMMENT 'Tipo de acceso (entrata o salida)',
  `ip` varchar(45) DEFAULT NULL COMMENT 'Dirección IP del usuario que ingresa',
  `registrado_at` datetime DEFAULT NULL COMMENT 'Fecha de registro del acceso',
  PRIMARY KEY (`id`),
  KEY `fk_acceso_usuario_idx` (`usuario_id`),
  CONSTRAINT `fk_acceso_usuario` FOREIGN KEY (`usuario_id`) REFERENCES `usuario` (`id`) ON DELETE NO ACTION ON UPDATE CASCADE
) ENGINE=InnoDB AUTO_INCREMENT=111 DEFAULT CHARSET=utf8mb3 COLLATE=utf8mb3_general_ci COMMENT='Tabla que registra los accesos de los usuarios al sistema';

-- Volcando datos para la tabla bienes.acceso: ~109 rows (aproximadamente)
INSERT INTO `acceso` (`id`, `usuario_id`, `tipo_acceso`, `ip`, `registrado_at`) VALUES
	(1, 2, 1, '::1', '2017-11-24 23:31:42'),
	(2, 2, 2, '::1', '2017-11-24 23:34:23'),
	(3, 2, 1, '::1', '2017-11-24 23:52:06'),
	(4, 2, 2, '::1', '2017-11-24 23:52:54'),
	(5, 2, 1, '::1', '2017-11-24 23:57:44'),
	(6, 2, 2, '::1', '2017-11-25 00:00:00'),
	(7, 2, 1, '::1', '2017-11-25 00:31:31'),
	(8, 2, 2, '::1', '2017-11-25 00:44:55'),
	(9, 2, 1, '::1', '2017-11-25 01:29:46'),
	(10, 2, 2, '::1', '2017-11-25 01:31:11'),
	(11, 2, 1, '::1', '2017-11-25 01:49:31'),
	(12, 2, 1, '::1', '2017-11-25 06:00:02'),
	(13, 2, 1, '::1', '2017-11-25 06:07:41'),
	(14, 2, 2, '::1', '2017-11-25 06:21:01'),
	(15, 2, 1, '::1', '2017-11-25 06:22:57'),
	(16, 2, 1, '::1', '2017-11-25 18:20:39'),
	(17, 2, 2, '::1', '2017-11-25 18:51:52'),
	(18, 2, 1, '::1', '2017-11-25 18:51:56'),
	(19, 2, 1, '::1', '2017-11-25 20:08:40'),
	(20, 2, 2, '::1', '2017-11-25 20:33:14'),
	(21, 2, 1, '::1', '2017-11-25 20:33:17'),
	(22, 2, 2, '::1', '2017-11-25 20:36:10'),
	(23, 2, 1, '::1', '2017-11-25 20:36:13'),
	(24, 2, 2, '::1', '2017-11-25 21:02:44'),
	(25, 2, 1, '::1', '2017-11-25 21:02:57'),
	(26, 2, 1, '::1', '2017-11-25 21:25:16'),
	(27, 2, 1, '::1', '2017-11-25 23:28:29'),
	(28, 2, 1, '::1', '2017-11-25 23:29:33'),
	(29, 2, 1, '::1', '2017-11-25 23:35:06'),
	(30, 2, 2, '::1', '2017-11-26 12:17:41'),
	(31, 2, 1, '::1', '2017-11-26 12:17:57'),
	(32, 2, 2, '::1', '2017-12-03 19:02:20'),
	(33, 2, 1, '::1', '2017-12-03 19:04:00'),
	(34, 2, 1, '::1', '2017-12-09 18:23:31'),
	(35, 2, 1, '192.168.43.137', '2017-12-10 07:26:54'),
	(36, 2, 2, '192.168.43.137', '2017-12-10 07:30:02'),
	(37, 2, 1, '::1', '2020-03-21 22:22:01'),
	(38, 2, 2, '::1', '2020-03-21 22:22:51'),
	(39, 2, 1, '::1', '2020-03-21 22:22:54'),
	(40, 2, 1, '::1', '2020-03-21 23:24:40'),
	(41, 2, 1, '::1', '2020-03-22 00:25:01'),
	(42, 2, 1, '::1', '2020-03-22 17:58:38'),
	(43, 2, 1, '::1', '2020-03-25 10:49:09'),
	(44, 2, 1, '::1', '2020-03-25 11:36:31'),
	(45, 2, 1, '::1', '2020-03-25 23:32:35'),
	(46, 2, 1, '::1', '2020-03-27 08:38:33'),
	(47, 2, 1, '::1', '2020-04-14 10:05:34'),
	(48, 2, 1, '::1', '2022-06-23 11:17:15'),
	(49, 2, 2, '::1', '2022-06-23 11:36:40'),
	(50, 2, 1, '::1', '2022-06-23 11:36:46'),
	(51, 2, 2, '::1', '2022-06-23 11:38:03'),
	(52, 2, 1, '::1', '2022-06-23 11:38:09'),
	(53, 2, 1, '::1', '2022-06-23 10:40:08'),
	(54, 2, 2, '::1', '2022-06-23 10:40:56'),
	(55, 2, 1, '::1', '2022-06-23 10:41:01'),
	(56, 2, 1, '::1', '2022-06-25 02:32:10'),
	(57, 2, 1, '::1', '2022-07-06 06:46:17'),
	(58, 2, 2, '::1', '2022-07-06 06:46:35'),
	(59, 2, 1, '::1', '2022-07-06 06:46:40'),
	(60, 2, 2, '::1', '2022-07-06 06:48:53'),
	(61, 2, 1, '::1', '2022-07-06 06:48:54'),
	(62, 2, 2, '::1', '2022-07-06 06:49:32'),
	(63, 2, 1, '::1', '2022-07-06 06:49:34'),
	(64, 2, 1, '::1', '2022-07-07 05:11:37'),
	(65, 2, 1, '::1', '2022-07-07 14:08:52'),
	(66, 2, 1, '::1', '2022-07-08 06:55:07'),
	(67, 2, 1, '::1', '2022-08-04 03:14:34'),
	(68, 2, 1, '::1', '2022-08-04 10:56:11'),
	(69, 2, 1, '::1', '2022-08-15 10:39:41'),
	(70, 2, 1, '::1', '2022-08-30 05:26:52'),
	(71, 2, 2, '::1', '2022-08-30 05:29:30'),
	(72, 2, 1, '::1', '2022-08-30 05:29:32'),
	(73, 2, 2, '::1', '2022-09-01 03:45:35'),
	(74, 2, 1, '::1', '2022-09-01 03:45:45'),
	(75, 2, 1, '::1', '2022-09-01 09:43:53'),
	(76, 2, 2, '::1', '2022-09-16 07:17:44'),
	(77, 2, 1, '::1', '2022-09-16 07:17:47'),
	(78, 2, 2, '::1', '2022-09-18 10:54:01'),
	(79, 2, 1, '::1', '2022-09-18 10:54:04'),
	(80, 2, 2, '::1', '2022-09-18 15:08:11'),
	(81, 2, 1, '::1', '2022-09-18 15:08:25'),
	(82, 2, 2, '::1', '2022-09-18 15:28:06'),
	(83, 2, 1, '::1', '2022-09-18 15:28:16'),
	(84, 2, 2, '::1', '2022-09-19 07:57:46'),
	(85, 2, 1, '::1', '2022-09-19 07:57:52'),
	(86, 2, 1, '::1', '2022-10-03 13:10:29'),
	(87, 2, 1, '::1', '2022-10-03 13:17:46'),
	(88, 2, 1, '::1', '2022-10-03 13:53:04'),
	(89, 2, 2, '::1', '2022-10-03 14:38:55'),
	(90, 2, 1, '::1', '2022-10-03 14:39:01'),
	(91, 2, 1, '::1', '2022-10-13 13:45:18'),
	(92, 2, 1, '::1', '2022-10-13 13:46:26'),
	(93, 2, 2, '::1', '2022-10-13 13:47:21'),
	(94, 2, 1, '::1', '2022-10-13 19:31:33'),
	(95, 2, 1, '::1', '2022-10-14 10:39:19'),
	(96, 2, 1, '::1', '2022-10-14 13:15:44'),
	(97, 2, 1, '::1', '2022-10-14 16:15:14'),
	(98, 2, 1, '::1', '2022-10-15 16:51:24'),
	(99, 2, 1, '::1', '2022-10-17 13:38:10'),
	(100, 2, 1, '::1', '2022-10-19 10:59:49'),
	(101, 2, 1, '::1', '2022-10-19 17:40:56'),
	(102, 2, 1, '::1', '2022-10-20 11:35:33'),
	(103, 2, 1, '::1', '2022-10-20 14:18:06'),
	(104, 2, 1, '::1', '2022-10-20 14:45:48'),
	(105, 2, 1, '::1', '2022-10-20 15:02:29'),
	(106, 2, 1, '::1', '2022-10-24 10:55:56'),
	(107, 2, 1, '::1', '2022-10-25 08:41:46'),
	(108, 2, 1, '::1', '2022-10-28 14:31:10'),
	(109, 2, 1, '::1', '2022-11-08 09:52:31'),
	(110, 2, 1, '::1', '2023-05-19 19:09:52');

-- Volcando estructura para tabla bienes.activo
CREATE TABLE IF NOT EXISTS `activo` (
  `id` int(11) NOT NULL AUTO_INCREMENT,
  `soporte_registro` varchar(50) DEFAULT NULL,
  `codigo` varchar(50) DEFAULT NULL,
  `rotulacion_id` int(11) NOT NULL,
  `grupo_id` int(11) NOT NULL,
  `subgrupo_id` int(11) NOT NULL,
  `nombre` varchar(255) NOT NULL,
  `cantidad` int(11) NOT NULL,
  `orden_compra` varchar(50) NOT NULL,
  `fecha_compra` date NOT NULL,
  `marca` varchar(255) DEFAULT NULL,
  `modelo` varchar(255) DEFAULT NULL,
  `color` varchar(255) DEFAULT NULL,
  `ubicacion_id` varchar(255) DEFAULT NULL,
  `responsable_id` int(11) DEFAULT NULL,
  `seriales` varchar(50) DEFAULT NULL,
  `costo` decimal(12,2) NOT NULL,
  `condicion_id` int(11) NOT NULL,
  `fuente_financiamiento_id` int(255) NOT NULL,
  `unidad_organizacional_id` int(255) NOT NULL,
  `observacion` varchar(255) DEFAULT NULL,
  `fecha_at` datetime DEFAULT NULL,
  `fecha_in` datetime DEFAULT NULL,
  PRIMARY KEY (`id`),
  UNIQUE KEY `codigo` (`codigo`)
) ENGINE=InnoDB AUTO_INCREMENT=214 DEFAULT CHARSET=utf8mb3 COLLATE=utf8mb3_general_ci;

-- Volcando datos para la tabla bienes.activo: ~208 rows (aproximadamente)
INSERT INTO `activo` (`id`, `soporte_registro`, `codigo`, `rotulacion_id`, `grupo_id`, `subgrupo_id`, `nombre`, `cantidad`, `orden_compra`, `fecha_compra`, `marca`, `modelo`, `color`, `ubicacion_id`, `responsable_id`, `seriales`, `costo`, `condicion_id`, `fuente_financiamiento_id`, `unidad_organizacional_id`, `observacion`, `fecha_at`, `fecha_in`) VALUES
	(2, NULL, '0300001', 1, 2, 0, 'ESCRITORIO SECRETARIAL ', 1, '-', '2022-10-14', '-', 'ELEGANCE', 'NEGRO MATE  CON MARRON', NULL, 2, NULL, 1880.00, 1, 1, 3, '-', '2022-10-14 12:53:13', NULL),
	(3, NULL, '0300002', 1, 2, 0, 'SILLA EJECUTIVA', 1, '-', '2022-10-14', 'PIZAIRA MESH ', 'MALLA', 'NEGRO', NULL, 2, NULL, 262.00, 1, 1, 3, '-', '2022-10-14 12:56:02', NULL),
	(4, NULL, '0300003', 1, 2, 1, 'ARCHIVO DE  METAL', 1, '-', '2022-10-14', '-', '-', 'BEISGE', NULL, 2, NULL, 777.00, 1, 1, 3, '-', '2022-10-14 12:58:00', NULL),
	(5, NULL, '0300004', 1, 2, 0, 'IMPRESORA SERIAL Z508BKBZA02326Z', 1, '-', '2022-10-25', 'SAMSUNG', 'ML 1865', 'NEGRO', NULL, 2, NULL, 1386.00, 1, 1, 3, '-', '2022-10-14 13:00:58', '2022-10-25 11:21:07'),
	(6, NULL, '0300005', 1, 2, 1, 'CPU', 1, '-', '2022-10-14', NULL, '-', 'NEGRO CON PLATEADO', NULL, 2, NULL, 630.00, 1, 1, 3, '-', '2022-10-14 13:02:45', NULL),
	(7, NULL, '0300006', 1, 2, 0, 'MONITOR SERIAL 404NDFVL3395', 1, '-', '2022-10-25', 'LG', '-', 'NEGRO', NULL, 2, NULL, 273.00, 1, 1, 3, '-', '2022-10-14 13:04:28', '2022-10-25 11:21:48'),
	(8, NULL, '0300007', 1, 2, 0, 'MOUSE SERIAL 195097103803', 1, '-', '2022-10-25', '-', '-', 'NEGRO', NULL, 2, NULL, 16.00, 1, 1, 3, '-', '2022-10-14 13:05:58', '2022-10-25 11:22:28'),
	(9, NULL, '0300008', 1, 2, 0, 'TECLADO SERIAL KB6909Q45571A', 1, '-', '2022-10-25', '-', 'KB2971', 'NEGRO', NULL, 2, NULL, 30.00, 1, 1, 3, '-', '2022-10-14 13:08:05', '2022-10-25 11:23:30'),
	(10, NULL, '0300009', 1, 2, 0, 'SILLA PLASTICA', 1, '-', '2022-10-14', 'MANAPLS', '-', 'AZUL', NULL, 2, NULL, 106.00, 1, 1, 3, '-', '2022-10-14 13:09:48', NULL),
	(11, NULL, '03000010', 1, 2, 1, 'SILLA PLASTICA', 1, '-', '2022-10-14', 'MANAPLAS', '-', 'VERDE', NULL, 2, NULL, 106.00, 1, 1, 3, '-', '2022-10-14 13:11:26', NULL),
	(12, NULL, '03000012', 1, 2, 1, 'SILLA PLASTICA', 1, '-', '2022-10-14', '-', '-', 'AZUL', NULL, 2, NULL, 106.00, 1, 1, 3, '-', '2022-10-14 13:17:36', NULL),
	(13, NULL, '03000011', 1, 2, 0, 'SILLA PLASTICA', 1, '-', '2022-10-14', 'MANAPLAS', '-', 'AZUL', NULL, 2, NULL, 106.00, 1, 1, 3, '-', '2022-10-14 13:19:01', NULL),
	(14, NULL, '03000013', 1, 2, 1, 'SILLA PLASTICA', 1, '-', '2022-10-14', 'MANAPLAS', '-', 'VERDE', NULL, 2, NULL, 106.00, 1, 1, 3, '-', '2022-10-14 13:20:13', NULL),
	(15, NULL, '03000014', 1, 2, 0, 'SILLA PLASTICA', 1, '-', '2022-10-14', 'MANAPLAS', '-', 'AZUL', NULL, 2, NULL, 106.00, 1, 1, 3, '-', '2022-10-14 13:22:18', NULL),
	(16, NULL, '03000015', 1, 2, 1, 'SILLA PLASTICA', 1, '-', '2022-10-14', 'MANAPLAS', '-', 'BLANCO', NULL, 2, NULL, 106.00, 1, 1, 3, '-', '2022-10-14 13:23:15', NULL),
	(17, NULL, '03000016', 1, 2, 1, 'SILLA PLASTICA  SIN POSAMANOS', 1, '-', '2022-10-14', 'MANAPLAS', '-', 'NARANJA', NULL, NULL, NULL, 84.00, 1, 1, 3, '-', '2022-10-14 13:25:01', NULL),
	(18, NULL, '03000017', 1, 2, 0, 'SILLA PLASTICA', 1, '-', '2022-10-14', 'MANAPLAS', '-', 'VERDE', NULL, 2, NULL, 106.00, 1, 1, 3, '-', '2022-10-14 13:26:25', NULL),
	(19, NULL, '03000018', 1, 2, 0, 'AIRE  ACONDICIONADO DE VENTANA SERIAL 511HAKA13477', 1, '-', '2022-10-25', 'GOLD STAR', 'GWHD6500R', 'BLANCO', NULL, 2, NULL, 700.00, 3, 1, 3, '-', '2022-10-14 13:28:50', '2022-10-25 11:24:47'),
	(20, NULL, '03000019', 1, 2, 0, 'REGULADOR DE VOLTAJE', 1, '-', '2022-10-25', '-', '-', 'BLANCO', NULL, 2, NULL, 588.00, 3, 1, 3, '-', '2022-10-14 13:30:26', '2022-10-25 11:23:58'),
	(21, NULL, '03000020', 1, 2, 1, 'ESCRITORIO SECRETARIAL ', 1, '-', '2022-10-14', '-', 'ELEGANCE', 'NEGRO MATE  CON MARRON', NULL, 2, NULL, 1890.00, 1, 1, 3, '-', '2022-10-14 13:32:03', NULL),
	(22, NULL, '03000021', 1, 2, 1, 'SILLA EJECUTIVA', 1, '-', '2022-10-14', 'PIZAIRA MESH ', 'MALLA', 'NEGRO', NULL, 2, NULL, 252.00, 1, 1, 3, '-', '2022-10-14 13:33:43', NULL),
	(23, NULL, '03000022', 1, 2, 1, 'ARCHIVO DE METAL', 1, '-', '2022-10-14', '-', '-', 'BEIGE', NULL, NULL, NULL, 777.00, 1, 1, 3, '-', '2022-10-14 13:48:21', NULL),
	(24, NULL, '03000023', 1, 2, 1, 'REGULADOR DE VOLTAJE', 1, '-', '2022-10-14', 'FORZA', '-', 'NEGRO', NULL, 2, NULL, 86.00, 1, 1, 3, '-', '2022-10-14 13:49:56', NULL),
	(25, NULL, '03000024', 1, 2, 0, 'IMPRESORA SERIAL VND3G81342', 1, '-', '2022-10-25', 'HP', 'LASER JET P 1102W', 'NEGRO', NULL, 2, NULL, 1366.00, 1, 1, 3, '-', '2022-10-14 13:51:34', '2022-10-25 11:25:29'),
	(26, NULL, '03000025', 1, 2, 0, 'TECLADO SERIAL KB909Q4551A', 1, '-', '2022-10-25', 'VIT', 'CS701GNC85', 'NEGRO', NULL, 2, NULL, 30.00, 1, 1, 3, '-', '2022-10-14 13:53:16', '2022-10-25 11:26:05'),
	(27, NULL, '03000026', 1, 2, 1, 'CPU', 1, '-', '2022-10-14', 'INTEL', '-', 'NEGRO', NULL, 2, NULL, 630.00, 1, 1, 3, '-', '2022-10-14 13:54:41', NULL),
	(28, NULL, '03000027', 1, 2, 0, 'MOUSE SERIAL MSAB25Q13943A', 1, '-', '2022-10-25', 'VIT', 'MSU0718T', 'NEGRO CON PLATEADO', NULL, 2, NULL, 17.00, 1, 1, 3, '-', '2022-10-14 13:56:17', '2022-10-25 11:27:48'),
	(29, NULL, '03000028', 1, 2, 0, 'MONITOR SERIAL DTLDG61A008520', 1, '-', '2022-10-25', 'AOC', '190LM0006', 'NEGRO', NULL, 2, NULL, 273.00, 1, 1, 3, '-', '2022-10-14 13:57:46', '2022-10-25 11:27:01'),
	(30, NULL, '03000029', 1, 2, 1, 'ESCRITORIO DE MADERA', 1, '-', '2022-10-14', '-', '-', 'BEIGE', NULL, 2, NULL, 840.00, 1, 1, 3, '-', '2022-10-14 13:59:55', NULL),
	(31, NULL, '03000030', 1, 2, 0, 'PAPELERA PLASTICA', 1, '-', '2022-10-14', '-', '-', 'NARANJA', NULL, 2, NULL, 34.00, 1, 1, 3, '-', '2022-10-14 14:02:02', NULL),
	(32, NULL, '03000031', 1, 2, 1, 'PAPELERA PLASTICA', 1, '-', '2022-10-14', '-', '-', NULL, NULL, 2, NULL, 33.00, 1, 1, 3, '-', '2022-10-14 14:30:40', NULL),
	(33, NULL, '03000032', 1, 2, 0, 'SILLA EJECUTIVA SERIAL YB13C1005386', 1, '-', '2022-10-25', 'GENIUS', 'MALLA', 'NEGRO', NULL, 2, NULL, 252.00, 1, 1, 3, '-', '2022-10-14 14:32:36', '2022-10-25 11:28:46'),
	(34, NULL, '1600001', 1, 2, 1, 'ESCRITORIO SECRETARIAL ', 1, '-', '2022-10-14', '-', '-', 'CAOBA', NULL, 9, NULL, 840.00, 1, 1, 16, '-', '2022-10-14 14:40:12', NULL),
	(35, NULL, '1600002', 1, 2, 0, 'CARTELERA DE ACRILICO Y CORCHO', 1, '-', '2022-10-14', '-', '-', NULL, NULL, 9, NULL, 51.00, 1, 1, 16, '-', '2022-10-14 14:41:50', NULL),
	(36, NULL, '1600003', 1, 2, 0, 'ARCHIVO DE MADERA', 1, '-', '2022-10-14', '-', '-', 'BEIGE', NULL, 9, NULL, 448.00, 3, 1, 16, '-', '2022-10-14 14:43:23', NULL),
	(37, NULL, '1600004', 1, 2, 0, 'ESTANTE DE MADERA', 1, '-', '2022-10-14', '-', '-', 'BLANCO', NULL, 9, NULL, 518.00, 3, 1, 16, '-', '2022-10-14 14:44:43', NULL),
	(38, NULL, '1800031', 1, 2, 1, 'ESCRITORIO SECRETARIAL ', 1, '-', '2022-10-14', '-', '-', NULL, NULL, 21, NULL, 840.00, 1, 1, 19, '-', '2022-10-14 14:46:31', NULL),
	(39, NULL, '1800032', 1, 2, 0, 'SILLA EJECUTIVA', 1, '-', '2022-10-14', '-', '-', 'NEGRO', NULL, 21, NULL, 840.00, 1, 1, 19, '-', '2022-10-14 14:47:52', '2022-10-14 14:50:44'),
	(40, NULL, '1800033', 1, 2, 0, 'SILLA VISITANTE', 1, '-', '2022-10-14', '-', '-', 'MARRON', NULL, 21, NULL, 189.00, 1, 1, 19, '-', '2022-10-14 14:49:19', '2022-10-14 14:50:05'),
	(41, NULL, '1800041', 1, 2, 0, 'ESCRITORIO SECRETARIAL ', 1, '-', '2022-10-14', '-', '-', 'BEIGE', NULL, 12, NULL, 840.00, 1, 1, 20, '-', '2022-10-14 14:52:23', NULL),
	(42, NULL, '1800042', 1, 2, 1, 'SILLA EJECUTIVA', 1, '-', '2022-10-14', '-', '-', 'NEGRO', NULL, 12, NULL, 367.00, 1, 1, 20, '-', '2022-10-14 14:53:43', NULL),
	(43, NULL, '1900001', 1, 2, 1, 'SILLA VISITANTE', 1, '-', '2022-10-14', '-', '-', 'NEGRO', NULL, 23, NULL, 336.00, 1, 1, 21, '-', '2022-10-14 15:20:33', NULL),
	(44, NULL, '1900002', 1, 2, 1, 'SILLA EJECUTIVA', 1, '-', '2022-10-14', '-', '-', 'NEGRO', NULL, 23, NULL, 357.00, 1, 1, 21, '-', '2022-10-14 15:21:31', NULL),
	(45, NULL, '1900003', 1, 2, 1, 'ESCRITORIO SECRETARIAL ', 1, '-', '2022-10-14', '-', '-', 'BEIGE', NULL, 23, NULL, 840.00, 1, 1, 21, '-', '2022-10-14 15:22:36', NULL),
	(46, NULL, '2600001', 1, 2, 2, 'SILLA PLASTICA SIN POSA BRAZO', 1, '-', '2022-10-14', 'MANAPLAS', '-', 'BLANCO', NULL, 15, NULL, 84.00, 1, 1, 27, '-', '2022-10-14 16:17:56', NULL),
	(47, NULL, '2600002', 1, 2, 1, 'SILLA PLASTICA', 1, '-', '2022-10-14', '-', '-', 'BLANCO', NULL, 15, NULL, 84.00, 1, 1, 27, '-', '2022-10-14 16:19:40', NULL),
	(48, NULL, '2600003', 1, 2, 1, 'SILLA PLASTICA', 1, '-', '2022-10-14', 'MANAPLAS', '-', 'BLANCO', NULL, 15, NULL, 84.00, 1, 1, 27, '-', '2022-10-14 16:20:50', NULL),
	(49, NULL, '2600004', 1, 2, 0, 'SILLA PLASTICA', 1, '-', '2022-10-14', 'MANAPLAS', '-', 'BLANCO', NULL, 15, NULL, 84.00, 1, 1, 27, '-', '2022-10-14 16:22:14', '2022-10-14 16:23:01'),
	(51, NULL, '2600006', 1, 2, 1, 'SILLA PLASTICA', 1, '-', '2022-10-14', 'MANAPLAS', '-', 'BLANCO', NULL, 15, NULL, 84.00, 1, 1, 27, '-', '2022-10-14 16:24:53', NULL),
	(52, NULL, '2600007', 1, 2, 1, 'SILLA PLASTICA', 1, '-', '2022-10-14', 'MANAPLAS', '-', 'BLANCO', NULL, 15, NULL, 84.00, 1, 1, 27, '-', '2022-10-14 16:25:41', NULL),
	(53, NULL, '2600008', 1, 2, 1, 'SILLA PLASTICA', 1, '-', '2022-10-14', 'MANAPLAS', '-', 'BLANCO', NULL, 15, NULL, 84.00, 1, 1, 27, '-', '2022-10-14 16:26:42', NULL),
	(54, NULL, '2600009', 1, 2, 1, 'ESCRITORIO SECRETARIAL ', 1, '-', '2022-10-14', '-', '-', 'BEIGE', NULL, 15, NULL, 840.00, 1, 1, 27, '-', '2022-10-14 16:27:59', NULL),
	(55, NULL, '2600001O', 1, 2, 1, 'ESCRITORIO', 1, '-', '2022-10-14', '-', '-', 'CAOBA', NULL, 15, NULL, 840.00, 1, 1, 27, '-', '2022-10-14 16:29:22', NULL),
	(56, NULL, '26000011', 1, 2, 1, 'ESCRITORIO PATAS DE METAL', 1, '-', '2022-10-14', '-', '-', 'CAOBA', NULL, 15, NULL, 840.00, 1, 1, 27, '-', '2022-10-14 16:30:59', NULL),
	(58, NULL, '2200001', 1, 2, 1, 'ESCRITORIO DE MADERA', 1, '-', '2022-10-15', '-', '-', 'BEIGE', NULL, 20, NULL, 840.00, 1, 1, 23, '-', '2022-10-15 16:53:10', NULL),
	(59, NULL, '2200002', 1, 2, 1, 'ORGANIZADOR AEREO DE MADERA', 1, '-', '2022-10-15', '-', '-', 'MARRON', NULL, 20, NULL, 672.00, 1, 1, 23, '-', '2022-10-15 16:54:26', NULL),
	(60, NULL, '2200003', 1, 2, 1, 'MESA DE COMPUTADORA DE MADERA Y METAL', 1, '-', '2022-10-15', '-', '-', 'BEIGE CON GRIS', NULL, 20, NULL, 840.00, 1, 1, 23, '-', '2022-10-15 16:58:46', NULL),
	(61, NULL, '2200004', 1, 2, 1, 'SILLA VISITANTE', 1, '-', '2022-10-15', '-', '-', 'NEGRO', NULL, 20, NULL, 186.00, 1, 1, 23, '-', '2022-10-15 17:00:36', NULL),
	(63, NULL, '2200006', 1, 2, 0, 'SILLA PLASTICA', 1, '-', '2022-10-15', 'MANAPLAS', '-', 'BLANCO', NULL, 20, NULL, 84.00, 1, 1, 23, '-', '2022-10-15 17:04:06', NULL),
	(64, NULL, '2200007', 1, 2, 1, 'SILLA PLASTICA', 1, '-', '2022-10-15', 'MANAPLAS', '-', 'BLANCO', NULL, 20, NULL, 84.00, 1, 1, 23, '-', '2022-10-15 17:05:22', NULL),
	(65, NULL, '2200008', 1, 2, 2, 'AIRE  ACONDICIONADO DE VENTANA', 1, '-', '2022-10-15', 'FRIGILUX', '-', 'BLANCO', NULL, 20, NULL, 1050.00, 1, 1, 23, '-', '2022-10-15 17:34:48', NULL),
	(66, NULL, '2200009', 1, 2, 1, 'MONITOR SERIAL MB17RLCBNS COD 2061994', 1, '1', '2022-01-19', 'LENOVO', '-', 'NEGRO', NULL, 20, NULL, 640.00, 1, 1, 23, '-', '2022-10-15 17:37:19', '2022-10-25 11:17:14'),
	(67, NULL, '2200010', 1, 2, 0, 'CPU I5 3RD GENERACION 3GB DE MEMORIA RAM Y DISCO DURO DE 250 GB SERIAL 33736474154 ', 1, '1', '2022-01-19', 'DELL', 'FHXTQ22', 'NEGRO', NULL, 20, NULL, 649.00, 1, 1, 23, '-', '2022-10-15 17:40:50', '2022-10-25 11:18:23'),
	(68, NULL, '22000011', 1, 2, 1, 'TECLADO', 1, '1', '2022-01-19', 'HP', '-', 'NEGRO', NULL, 20, NULL, 163.00, 1, 1, 23, '-', '2022-10-15 17:45:36', NULL),
	(69, NULL, '22000012', 1, 2, 0, 'MOUSE ', 1, '1', '2022-01-19', '-', '-', 'NEGRO', NULL, 20, NULL, 163.00, 1, 1, 23, '-', '2022-10-15 17:49:34', NULL),
	(70, NULL, '22000013', 1, 2, 0, 'PAPELERA PLASTICA', 1, '-', '2022-10-15', '-', '-', 'BLANCO', NULL, 20, NULL, 34.00, 1, 1, 23, '-', '2022-10-15 17:51:27', NULL),
	(71, NULL, '1800001', 1, 2, 1, 'ESCRITORIO SECRETARIAL ', 1, '-', '2022-10-15', '-', '-', 'CAOBA', NULL, 11, NULL, 840.00, 1, 1, 18, '-', '2022-10-15 17:54:16', NULL),
	(72, NULL, '1800002', 1, 2, 1, 'ARCHIVO DE  METAL', 1, '-', '2022-10-15', NULL, '-', 'BEIGE', NULL, 11, NULL, 777.00, 1, 1, 18, '-', '2022-10-15 17:55:24', NULL),
	(73, NULL, '1800003', 1, 2, 1, 'ARCHIVO DE METAL', 1, '1', '2022-10-15', '-', '-', 'NEGRO', NULL, 11, NULL, 777.00, 1, 1, 18, '-', '2022-10-15 17:56:51', NULL),
	(74, NULL, '1800004', 1, 2, 0, 'SILLA EJECUTIVA', 1, '-', '2022-10-15', 'TRENDY MESH', 'MALLA', 'NEGRO', NULL, 11, NULL, 336.00, 1, 1, 18, '-', '2022-10-15 17:58:10', NULL),
	(75, NULL, '1800005', 1, 2, 2, 'AIRE  ACONDICIONADO DE SPLIT 24 MIL BTU', 1, '-', '2022-10-15', 'ELECTROLUX', '-', 'BLANCO', NULL, 11, NULL, 2826.00, 1, 1, 18, '-', '2022-10-15 18:01:18', NULL),
	(76, NULL, '1800006', 1, 2, 1, 'MASA DE COMPUTADORA', 1, '-', '2022-10-15', '-', '-', 'MARRON', NULL, 11, NULL, 168.00, 1, 1, 18, '-', '2022-10-15 18:02:48', NULL),
	(77, NULL, '1800007', 1, 2, 0, 'IMPRESORA SERIAL BND3H92141CE658P', 1, '-', '2022-10-25', 'HP', 'LASER JET P 1102W', 'NEGRO', NULL, 11, NULL, 1386.00, 1, 1, 18, '-', '2022-10-15 18:06:03', '2022-10-25 11:11:10'),
	(78, NULL, '1800008', 1, 2, 1, 'MONITOR SERIAL  WQ1U0690010089', 1, '-', '2022-10-25', 'VIT', '700P', 'NEGRO', NULL, 11, NULL, 273.00, 1, 1, 18, '-', '2022-10-15 18:07:46', '2022-10-25 11:12:18'),
	(79, NULL, '1800009', 1, 2, 0, 'TECLADO SERIAL KB690Q45950A', 1, '-', '2022-10-25', 'VIT', 'KB-2971', 'NEGRO', NULL, 11, NULL, 29.00, 1, 1, 18, '-', '2022-10-15 18:09:21', '2022-10-25 11:13:09'),
	(80, NULL, '18000010', 1, 2, 0, 'EXTINTOR DE POLVO QUIMICO SECO SERIAL 00858', 1, '-', '2022-10-25', '-', '-', 'ROJO', NULL, 11, NULL, 210.00, 1, 1, 18, '-', '2022-10-15 18:10:35', '2022-10-25 11:13:53'),
	(81, NULL, '18000011', 1, 2, 1, 'SILLA PLASTICA ', 1, '-', '2022-10-15', '-', '-', 'VERDE', NULL, 11, NULL, 105.00, 1, 1, 18, '-', '2022-10-15 18:12:17', NULL),
	(82, NULL, '18000012', 1, 2, 1, 'SILLA PLASTICA', 1, '-', '2022-10-15', '-', '-', 'VERDE', NULL, 11, NULL, 105.00, 1, 1, 18, '-', '2022-10-15 18:13:24', NULL),
	(83, NULL, '18000013', 1, 2, 0, 'SILLA PLASTICA', 1, '-', '2022-10-15', '-', '-', 'VERDE', NULL, 11, NULL, 105.00, 1, 1, 18, '-', '2022-10-15 18:14:33', NULL),
	(84, NULL, '18000014', 1, 2, 0, 'SILLA PLASTICA', 1, '-', '2022-10-15', '-', '-', 'VERDE', NULL, 11, NULL, 105.00, 1, 1, 18, '-', '2022-10-15 18:15:39', '2022-10-15 18:16:02'),
	(85, NULL, '18000015', 1, 2, 0, 'SILLA PLASTICA', 1, '-', '2022-10-15', '-', '-', 'VERDE', NULL, 11, NULL, 105.00, 1, 1, 18, '-', '2022-10-15 18:17:33', NULL),
	(86, NULL, '18000016', 1, 2, 1, 'SILLA PLASTICA', 1, '-', '2022-10-15', '-', '-', 'VERDE', NULL, 11, NULL, 105.00, 1, 1, 18, '-', '2022-10-15 18:18:30', NULL),
	(87, NULL, '18000017', 1, 2, 0, 'SILLA PLASTICA', 1, '-', '2022-10-15', '-', '-', 'VERDE', NULL, 11, NULL, 105.00, 1, 1, 18, '-', '2022-10-15 18:19:32', NULL),
	(88, NULL, '18000018', 1, 2, 1, 'SILLA PLASTICA', 1, '-', '2022-10-15', '-', '-', 'VERDE', NULL, 11, NULL, 105.00, 1, 1, 18, '-', '2022-10-15 18:20:59', NULL),
	(89, NULL, '18000019', 1, 2, 0, 'CENTRAL TELEFONICA ELECTRONIC MODULAR SWITCHING SYSTEM', 1, '-', '2022-10-15', 'PANASONIC', '1232 EASA-PHONE', 'GRIS', NULL, NULL, NULL, 560.00, 1, 1, 18, '-', '2022-10-15 18:23:56', NULL),
	(90, NULL, '0900001', 1, 2, 1, 'ESCRITORIO SECRETARIAL ', 1, '-', '2022-10-15', '-', 'ELEGANCE', 'NEGRO MATE  CON MARRON', NULL, 3, NULL, 1890.00, 1, 1, 9, '-', '2022-10-15 18:35:38', NULL),
	(91, NULL, '0900002', 1, 2, 0, 'ESCRITORIO SECRETARIAL ', 1, '-', '2022-10-15', '-', 'ELEGANCE', 'NEGRO MATE  CON MARRON', NULL, 3, NULL, 1890.00, 1, 1, 9, '-', '2022-10-15 18:36:59', NULL),
	(92, NULL, '0900003', 1, 2, 1, 'ESCRITORIO DE MADERA', 1, '-', '2022-10-15', '-', '-', 'BEIGE', NULL, 3, NULL, 840.00, 1, 1, 9, '-', '2022-10-15 18:38:19', NULL),
	(93, NULL, '0900004', 1, 2, 0, 'ESCRITORIO', 1, '-', '2022-10-15', '-', '-', 'CAOBA', NULL, 3, NULL, 840.00, 1, 1, 9, '-', '2022-10-15 18:39:34', NULL),
	(94, NULL, '0900005', 1, 2, 1, 'MESA DE COMPUTADORA BASIC 105', 1, '-', '2022-10-15', '-', '-', '-', NULL, 3, NULL, 168.00, 1, 1, 9, '-', '2022-10-15 18:41:04', NULL),
	(95, NULL, '0900006', 1, 2, 1, 'MESA DE COMPUTADORA', 1, '-', '2022-10-15', '-', '-', '-', NULL, 3, NULL, 168.00, 1, 1, 9, '-', '2022-10-15 18:42:28', NULL),
	(96, NULL, '0900007', 1, 2, 1, 'ARCHIVO DE METAL', 1, '-', '2022-10-15', '-', '-', 'NEGRO', NULL, 3, NULL, 777.00, 1, 1, 9, '-', '2022-10-15 18:43:52', NULL),
	(97, NULL, '0900008', 1, 2, 1, 'ARCHIVO DE METAL', 1, '-', '2022-10-15', '-', '-', 'NEGRO', NULL, 3, NULL, 777.00, 1, 1, 9, '-', '2022-10-15 18:45:12', NULL),
	(98, NULL, '0900009', 1, 2, 1, 'SILLA SECRETARIAL ', 1, '-', '2022-10-15', '-', '-', 'NEGRO', NULL, 3, NULL, 357.00, 1, 1, 9, '-', '2022-10-15 18:46:51', NULL),
	(99, NULL, '09000010', 1, 2, 1, 'ESCRITORIO SECRETARIAL ', 1, '-', '2022-10-15', '-', '-', 'GRIS', NULL, 3, NULL, 357.00, 1, 1, 9, '-', '2022-10-15 18:48:04', NULL),
	(100, NULL, '09000011', 1, 2, 1, 'SILLA EJECUTIVA DACOTA ', 1, '-', '2022-10-15', '-', '-', 'MARRON', NULL, 3, NULL, 630.00, 1, 1, 9, '-', '2022-10-15 18:51:07', NULL),
	(101, NULL, '09000012', 1, 2, 1, 'SILLA EJECUTIVA ', 1, '-', '2022-10-15', 'LONDRES', '-', 'NEGRO', NULL, 3, NULL, 357.00, 1, 1, 9, '-', '2022-10-15 18:57:23', NULL),
	(102, NULL, '09000013', 1, 2, 1, 'SILLA PLASTICA', 1, '-', '2022-10-15', NULL, '-', 'BEIGE', NULL, 3, NULL, 105.00, 1, 1, 9, '-', '2022-10-15 18:58:39', NULL),
	(103, NULL, '09000014', 1, 2, 0, 'IMPRESORA  SERIAL VMD3H92116', 1, '-', '2022-10-25', 'HP', 'JET P1102W', NULL, NULL, 3, NULL, 1386.00, 1, 1, 9, '-', '2022-10-15 19:00:17', '2022-10-25 11:07:21'),
	(104, NULL, '09000015', 1, 2, 0, 'CALCULADORA SUMADORA ', 1, '-', '2022-10-25', 'CASIO', '-', 'NEGRO', NULL, 3, NULL, 482.00, 1, 1, 9, '-', '2022-10-15 19:01:30', '2022-10-25 10:56:35'),
	(105, NULL, '09000016', 1, 2, 0, 'CALCULADORA SUMADORA SERIAL 228725', 1, '-', '2022-10-25', 'CANON', '-', 'BEIGE', NULL, 3, NULL, 482.00, 1, 1, 9, '-', '2022-10-15 19:02:49', '2022-10-25 11:06:49'),
	(106, NULL, '09000017', 1, 2, 0, 'CALCULADORA SUMADORA SERIAL A229057', 1, '-', '2022-10-25', 'CANON', '-', 'BEIGE', NULL, 3, NULL, 482.00, 1, 1, 9, '-', '2022-10-15 19:03:53', '2022-10-25 11:06:06'),
	(107, NULL, '09000018', 1, 2, 0, 'CALCULADORA SUMADORA SERIAL HR150TM', 1, '-', '2022-10-25', 'CASIO', '-', 'NEGRO', NULL, 3, NULL, 482.00, 1, 1, 9, '-', '2022-10-15 19:05:14', '2022-10-25 11:05:29'),
	(108, NULL, '09000019', 1, 2, 2, 'AIRE  ACONDICIONADO DE VENTANA 12 MIL BTU', 1, '-', '2022-10-15', 'LG', '-', 'BLANCO', NULL, 3, NULL, 1092.00, 1, 1, 9, '-', '2022-10-15 19:06:46', NULL),
	(109, NULL, '09000020', 1, 2, 0, 'CPU I5 3RD GENERACION 4GB DE MEMORIA RAM Y DISCO DURO DE 250 GB SERIAL 8903702665 COD 2076175', 1, '1', '2022-10-25', 'DELL', '43918Y1', 'NEGRO', NULL, 3, NULL, 649.00, 1, 1, 9, '-', '2022-10-15 19:09:01', '2022-10-25 11:04:53'),
	(110, NULL, '09000021', 1, 2, 0, 'MONITOR SERIAL VNABOT9 COD 2062054', 1, '1', '2022-10-25', 'LENOVO', 'THINKVISION', 'NEGRO', NULL, 3, NULL, 649.00, 1, 1, 9, '-', '2022-10-15 19:11:23', '2022-10-25 11:03:41'),
	(111, NULL, '09000022', 1, 2, 1, 'TECLADO', 1, '1', '2022-01-19', 'HP', '-', 'NEGRO', NULL, 3, NULL, 162.00, 1, 1, 9, '-', '2022-10-15 19:12:55', NULL),
	(112, NULL, '09000023', 1, 2, 1, 'MOUSE', 1, '1', '2022-01-19', 'ICEARMOR', '-', 'NEGRO', NULL, 3, NULL, 162.00, 1, 1, 9, '-', '2022-10-15 19:14:41', NULL),
	(113, NULL, '09000024', 1, 2, 0, 'REGULADOR DE VOLTAJE SERIAL 1150323488', 1, '-', '2022-10-25', 'FORZA', 'FVR-1211B', 'NEGRO', NULL, 3, NULL, 88.00, 1, 1, 9, '-', '2022-10-15 19:15:57', '2022-10-25 11:02:12'),
	(114, NULL, '09000025', 1, 2, 0, 'REGULADOR DE VOLTAJE SERIAL KE11063283', 1, '-', '2022-10-25', 'FORZA', 'VR100F0R01', 'NEGRO', NULL, 3, NULL, 88.00, 1, 1, 9, '-', '2022-10-15 19:17:24', '2022-10-25 10:59:54'),
	(115, NULL, '09000026', 1, 2, 1, 'PAPELERA GRANDE', 1, '-', '2022-10-15', '-', '-', 'NARANJA', NULL, 12, NULL, 33.00, 1, 1, 9, '-', '2022-10-15 19:18:48', NULL),
	(116, NULL, '09000027', 1, 2, 1, 'PAPELERA GRANDE', 1, '-', '2022-10-15', '-', '-', 'ROSADO', NULL, 3, NULL, 33.00, 1, 1, 9, '-', '2022-10-15 19:20:04', NULL),
	(117, NULL, '09000028', 1, 2, 0, 'TECLADO SERIAL 0024176', 1, '-', '2022-10-25', 'LENOVO', 'KD0225', 'NEGRO', NULL, 3, NULL, 29.00, 1, 1, 9, '-', '2022-10-15 19:21:30', '2022-10-25 11:08:12'),
	(118, NULL, '0600001', 1, 2, 1, 'ESCRITORIO SECRETARIAL ', 1, '-', '2022-10-15', '-', '-', 'NEGRO CON BEISG', NULL, 10, NULL, 840.00, 1, 1, 6, '-', '2022-10-15 19:27:00', NULL),
	(119, NULL, '0600002', 1, 2, 1, 'SILLA EJECUTIVA', 1, '-', '2022-10-15', '-', '-', 'NEGRO', NULL, 10, NULL, 357.00, 1, 1, 6, '-', '2022-10-15 19:28:08', NULL),
	(120, NULL, '0600003', 1, 2, 1, 'ARCHIVO DE METAL', 1, '-', '2022-10-15', '-', '-', 'NEGRO', NULL, 10, NULL, 777.00, 1, 1, 6, NULL, '2022-10-15 19:29:05', NULL),
	(121, NULL, '0600004', 1, 2, 1, 'SILLA EJECUTVA CHICAGO BASE CROMADA ESPARDAR EN MESH', 1, '-', '2022-10-15', '-', '-', NULL, NULL, 10, NULL, 252.00, 1, 1, 6, '-', '2022-10-15 19:30:39', NULL),
	(122, NULL, '0600005', 1, 2, 0, 'CALCULDORA SUMADORA 12 DIGITOS SERIAL 20062924', 1, '-', '2022-10-25', 'CANON', 'MP41DHLL', 'BLANCO', NULL, 3, NULL, 322.00, 1, 1, 6, '-', '2022-10-15 19:32:37', '2022-10-25 08:52:54'),
	(123, NULL, '0600006', 1, 2, 0, 'AIRE  ACONDICIONADO SPLIT  SERIAL C2G6114968', 1, '-', '2022-10-25', 'AICEMAKER', '-', 'BLANCO', NULL, 10, NULL, 462.00, 2, 1, 6, 'DAÑADO', '2022-10-15 19:34:58', '2022-10-25 08:54:21'),
	(124, NULL, '0600007', 1, 2, 0, 'ESCRITORIO SECRETARIAL DE MADERA', 1, '-', '2022-10-15', '-', '-', 'MARRON', NULL, 10, NULL, 840.00, 1, 1, 6, '-', '2022-10-15 19:36:20', '2022-10-15 19:36:57'),
	(125, NULL, '0600008', 1, 2, 0, 'TELEFONO FIJO serial 8GBBA273602', 1, '-', '2022-10-25', 'PANASONIC', '-', 'BEIGE', NULL, 10, NULL, 75.00, 1, 1, 6, '-', '2022-10-15 19:38:42', '2022-10-25 08:50:18'),
	(126, NULL, '0600009', 1, 2, 1, 'SILLA PLASTICA', 1, '-', '2022-10-15', '-', '-', 'BLANCO', NULL, 10, NULL, 70.00, 1, 1, 6, '-', '2022-10-15 19:39:59', NULL),
	(127, NULL, '06000010', 1, 2, 1, 'SILLA PLASTICA', 1, '-', '2022-10-15', '-', '-', 'BLANCO', NULL, 10, NULL, 70.00, 1, 1, 6, '-', '2022-10-15 19:41:27', NULL),
	(128, NULL, '1000001', 1, 2, 1, 'ESCRITORIO', 1, '-', '2022-10-17', '-', '-', 'MARRON', NULL, 13, NULL, 840.00, 1, 1, 10, '-', '2022-10-17 13:48:36', NULL),
	(129, NULL, '1000002', 1, 2, 1, 'ESCRITORIO', 1, '-', '2022-10-17', '-', '-', 'MARRON', NULL, 13, NULL, 840.00, 1, 1, 10, '-', '2022-10-17 13:49:56', NULL),
	(130, NULL, '1000003', 1, 2, 0, 'ESCRITORIO DE 1.20 MTS ', 1, '-', '2022-10-17', 'HAYA LISTOHO', '-', 'MARRON', NULL, 13, NULL, 1890.00, 1, 1, 10, '-', '2022-10-17 13:52:05', NULL),
	(131, NULL, '1000004', 1, 2, 1, 'SILLA EJECUTIVA', 1, '-', '2022-10-17', '-', '-', 'AZUL', NULL, 13, NULL, 367.00, 1, 1, 10, '-', '2022-10-17 13:53:28', NULL),
	(132, NULL, '1000005', 1, 2, 1, 'SILLA EJECUTIVA', 1, '-', '2022-10-17', '-', '-', 'AZUL', NULL, 13, NULL, 367.00, 1, 1, 10, '-', '2022-10-17 13:55:17', NULL),
	(133, NULL, '1000006', 1, 2, 1, 'SILLA EJECUTIVA', 1, '-', '2022-10-17', '-', '-', 'NEGRO', NULL, 13, NULL, 367.00, 1, 1, 10, '-', '2022-10-17 13:56:49', NULL),
	(134, NULL, '1000007', 1, 2, 1, 'SILLA PLASTICA', 1, '-', '2022-10-17', 'MANAPLAS', NULL, 'ROJO', NULL, 13, NULL, 106.00, 1, 1, 10, '-', '2022-10-17 13:58:01', NULL),
	(135, NULL, '1000008', 1, 2, 1, 'SILLA PLASTICA', 1, '-', '2022-10-17', 'MANAPLAS', '-', 'VERDE', NULL, 13, NULL, 106.00, 1, 1, 10, '-', '2022-10-17 13:59:14', NULL),
	(136, NULL, '1000009', 1, 2, 1, 'SILLA PLASTICA SIN POSA BRAZO', 1, '-', '2022-10-17', '-', '-', 'BLANCO', NULL, 13, NULL, 106.00, 1, 1, 10, '-', '2022-10-17 14:02:45', NULL),
	(137, NULL, '10000010', 1, 2, 0, 'AIRE  ACONDICIONADO SPLIT 24 MIL BTU SERIAL D2022672214910120523', 1, '-', '2022-10-25', 'TRONIC', 'D65X12CRW', 'BLANCO', NULL, 13, NULL, 2826.00, 1, 1, 10, '-', '2022-10-17 14:04:19', '2022-10-25 11:30:12'),
	(138, NULL, '10000011', 1, 2, 0, 'SILLA PLASTICA SIN POSA BRAZO', 1, '-', '2022-10-25', 'MANAPLAS', '-', 'BLANCO', NULL, 13, NULL, 84.00, 1, 1, 10, '-', '2022-10-17 14:05:38', '2022-10-25 11:29:33'),
	(139, NULL, '10000015', 1, 2, 0, 'REGLETA ELECTRICA ', 1, '-', '2022-10-17', '-', '6 TOMAS', 'BEIGE', NULL, 13, NULL, 21.00, 1, 1, 10, '-', '2022-10-17 14:13:08', '2022-10-17 14:39:33'),
	(140, NULL, '10000016', 1, 2, 1, 'SILLA EJECUTIVA', 1, '-', '2022-10-17', 'PIZARA', 'WESH MALLA', 'NEGRO', NULL, 13, NULL, 252.00, 1, 1, 10, '-', '2022-10-17 14:24:46', NULL),
	(141, NULL, '10000012', 1, 2, 1, 'SILLA PLASTICA', 1, '-', '2022-10-17', 'MANAPLAS', '-', 'BLANCO', NULL, 13, NULL, 84.00, 1, 1, 10, '-', '2022-10-17 14:35:46', NULL),
	(142, NULL, '10000013', 1, 2, 0, 'AIRE  ACONDICIONADO DE VENTANA SERIAL 200718200T6', 1, '-', '2022-10-25', 'LG', '-', 'BLANCO', NULL, 13, NULL, 1092.00, 1, 1, 10, '-', '2022-10-17 14:37:14', '2022-10-25 11:30:49'),
	(143, NULL, '10000014', 1, 2, 1, 'ARCHIVO DE METAL', 1, '-', '2022-10-17', '-', '-', 'BEIGE', NULL, 13, NULL, 777.00, 1, 1, 10, '-', '2022-10-17 14:38:25', NULL),
	(144, NULL, '10000017', 1, 2, 1, 'ESCRITORIO SECRETARIAL ', 1, '-', '2022-10-17', '-', '-', 'BEIGE', NULL, 13, NULL, 840.00, 1, 1, 10, '-', '2022-10-17 14:40:52', NULL),
	(145, NULL, '10000018', 1, 2, 1, 'ESCRITORIO SECRETARIAL ', 1, '-', '2022-10-17', '-', '-', 'BEIGE', NULL, 13, NULL, 840.00, 1, 1, 10, '-', '2022-10-17 14:41:59', NULL),
	(146, NULL, '10000019', 1, 2, 1, 'SILLA EJECUTIVA', 1, '-', '2022-10-17', '-', '-', 'NEGRO', NULL, 13, NULL, 357.00, 1, 1, 10, '-', '2022-10-17 14:43:13', NULL),
	(147, NULL, '10000020', 1, 2, 1, 'ARCHIVO DE MADERA ', 1, '-', '2022-10-17', '-', '2 GAVETAS', 'MARRON', NULL, 13, NULL, 1050.00, 1, 1, 10, '-', '2022-10-17 14:44:29', NULL),
	(148, NULL, '10000021', 1, 2, 0, 'REGULADOR DE VOLTAJE SERIAL FBNR12118', 1, '-', '2022-10-25', 'FORZA', '-', 'NEGRO', NULL, 13, NULL, 22.00, 1, 1, 10, '-', '2022-10-19 13:01:48', '2022-10-25 11:31:29'),
	(149, NULL, '10000022', 1, 2, 0, 'MONITOR SERIAL WQ1U0690002551', 1, '-', '2022-10-25', 'VIT', '-', 'NEGRO', NULL, 13, NULL, 273.00, 1, 1, 10, '-', '2022-10-19 13:04:16', '2022-10-25 11:32:00'),
	(150, NULL, '10000023', 1, 2, 0, 'CPU SERIAL 106668164', 1, '-', '2022-10-25', 'VIT', 'C2662', 'NEGRO', NULL, 13, NULL, 630.00, 1, 1, 10, '-', '2022-10-19 13:05:33', '2022-10-25 11:33:09'),
	(151, NULL, '10000024', 1, 2, 0, 'TECLADO SERIAL PNC09150402020A0', 1, '-', '2022-10-25', '-', 'KB2971', 'NEGRO', NULL, 13, NULL, 29.00, 1, 1, 10, '-', '2022-10-19 13:07:22', '2022-10-25 11:32:39'),
	(152, NULL, '10000025', 1, 2, 0, 'MOUSE SERIAL  PIDHE6240504CO', 1, '-', '2022-10-25', '-', '-', 'NEGRO', NULL, 13, NULL, 16.00, 1, 1, 10, '-', '2022-10-19 14:36:57', '2022-10-25 11:34:01'),
	(153, NULL, '10000026', 1, 2, 0, 'IMPRESORA SERIAL VND3H92108', 1, '-', '2022-10-25', 'HP', 'P1102W', 'NEGRO', NULL, 13, NULL, 1386.00, 1, 1, 10, '-', '2022-10-19 14:38:24', '2022-10-25 11:34:34'),
	(154, NULL, '10000027', 1, 2, 1, 'CPU I5 3RD GENERACION 4GB DE MEMORIA RAM Y DISCO DURO DE 250 GB SERIAL 2W9GPW1 COD 2076121', 1, '1', '2022-01-19', 'DELL', '-', 'NEGRO', NULL, 13, NULL, 648.00, 1, 1, 10, '-', '2022-10-19 14:41:31', '2022-10-25 11:35:52'),
	(155, NULL, '10000028', 1, 2, 1, 'MONITOR SERIAL VNBKAF1 COD 2061959', 1, '1', '2022-01-19', 'LENOVO', '-', 'NEGRO', NULL, 13, NULL, 640.50, 1, 1, 10, '-', '2022-10-19 14:46:42', '2022-10-25 11:36:52'),
	(156, NULL, '1000029', 1, 2, 0, 'TECLADO ', 1, '1', '2022-01-19', 'HP', '-', 'NEGRO', NULL, 13, NULL, 162.40, 1, 1, 10, '-', '2022-10-25 11:39:34', NULL),
	(157, NULL, '1000030', 1, 2, 1, 'MOUSE ', 1, '1', '2022-01-19', '-', '-', 'NEGRO', NULL, 13, NULL, 162.40, 1, 1, 10, '-', '2022-10-25 11:40:53', NULL),
	(158, NULL, '1000031', 1, 2, 1, 'CORNETAS PARA PC SERIAL 0105062018', 1, '-', '2022-10-25', 'OMEGA', '-', 'GRIS', NULL, 13, NULL, 84.00, 1, 1, 10, '-', '2022-10-25 11:42:13', NULL),
	(159, NULL, '1000032', 1, 2, 1, 'SWITCH 16 PUERTOS ', 1, '-', '2022-10-25', 'TPLINK', 'TLFS1016', 'GRIS', NULL, 13, NULL, 126.60, 1, 1, 10, '-', '2022-10-25 11:44:04', NULL),
	(160, NULL, '1000033', 1, 2, 1, 'GUILLOTINA', 1, '-', '2022-10-25', '-', '-', 'BEIGE', NULL, 13, NULL, 159.60, 1, 1, 10, '-', '2022-10-25 11:45:09', NULL),
	(161, NULL, '1000034', 1, 2, 1, 'PAPELERA', 1, '-', '2022-10-25', '-', '-', 'NEGRO', NULL, 13, NULL, 33.60, 1, 1, 10, '-', '2022-10-25 11:46:11', NULL),
	(162, NULL, '1000035', 1, 2, 0, 'CALCULADORA SUMADORA SERIAL 696AQ94EA06018', 1, '-', '2022-10-25', 'CASIO', 'DR120TM', 'BEIGE', NULL, 13, NULL, 482.00, 1, 1, 10, '-', '2022-10-25 11:48:07', '2022-10-25 11:54:34'),
	(163, NULL, '1000038', 1, 2, 1, 'SWITCH 24 PUERTOS SERIAL NW223NXT541005200035', 1, '-', '2022-10-25', 'NEXXT SOLUTIONES', '-', 'NEGRO', NULL, 13, NULL, 609.00, 1, 1, 10, '-', '2022-10-25 11:50:53', NULL),
	(164, NULL, '1000036', 1, 2, 1, 'CALCULADORA SUMADORA SERIAL 36360BL19CA028854', 1, '-', '2022-10-25', 'CASIO', 'DR120TM', 'NEGRO', NULL, 13, NULL, 482.00, 1, 1, 10, '-', '2022-10-25 11:54:13', NULL),
	(165, NULL, '1000037', 1, 2, 1, 'PUNTO DE VENTA SERIAL PB05209760057', 1, '2', '2022-01-19', 'SUMMI P2', 'SMART (CON HUELLA)', 'NEGRO Y NARANJA', NULL, 13, NULL, 1763.20, 1, 1, 10, '-', '2022-10-25 11:58:20', NULL),
	(167, NULL, '0200002', 1, 2, 1, 'ESCRITORIO SECRETARIAL 1.40*1', 1, '-', '2022-10-25', '-', '-', 'MARRON', NULL, 25, NULL, 840.00, 1, 1, 2, NULL, '2022-10-25 12:06:55', NULL),
	(168, NULL, '0200003', 1, 2, 1, 'CPU SERIAL 00045453904641', 1, '-', '2022-10-25', 'HP', NULL, 'NEGRO Y GRIS', NULL, 25, NULL, 630.00, 1, 1, 2, '-', '2022-10-25 12:07:57', NULL),
	(169, NULL, '0200004', 1, 2, 1, 'MONITOR SERIAL 108NDVW3U167', 1, '-', '2022-10-25', 'LG', 'E19415X', 'NEGRO', NULL, 25, NULL, 273.00, 1, 1, 2, '-', '2022-10-25 12:09:04', NULL),
	(170, NULL, '0200005', 1, 2, 1, 'REGULADOR DE VOLTAJE SERIAL 11503234295', 1, '-', '2022-10-25', 'FORZA', 'FBR1211B', 'NEGRO', NULL, 25, NULL, 88.20, 1, 1, 2, NULL, '2022-10-25 12:10:40', NULL),
	(171, NULL, '0200006', 1, 2, 1, 'ARCHIVADOR ORGANIZADOR DE METAL, PEQUEÑO, 2PUERTAS Y 2 TRAMOS', 1, '-', '2022-10-25', NULL, NULL, 'GRIS ', NULL, 25, NULL, 134.40, 1, 1, 2, NULL, '2022-10-25 12:13:36', NULL),
	(172, NULL, '0200007', 1, 2, 0, 'SILLA EJECUTIVA', 1, '-', '2022-10-25', 'TRENDY ', 'BASE DE NAYLON', 'NEGRO', NULL, 25, NULL, 357.00, 1, 1, 2, '-', '2022-10-25 12:18:42', NULL),
	(173, NULL, '0200008', 1, 2, 0, 'AIRE ACONDICIONADO DE VENTANA 15MIL BTU SERIAL AD0K01E0L00ASH7A0194', 1, '-', '2022-10-25', 'HAIER', 'ESA415J', 'BLANCO', NULL, 25, NULL, 1400.00, 1, 2, 2, '-', '2022-10-25 12:20:52', NULL),
	(174, NULL, '0200009', 1, 2, 1, 'ESCRITORIO DE COMPUTADORA CON ORGANIZADOR', 1, '-', '2022-10-25', NULL, NULL, 'MARRON', NULL, 25, NULL, 840.00, 1, 1, 2, NULL, '2022-10-25 12:22:10', NULL),
	(175, NULL, '0200010', 1, 2, 1, 'SILLA SEMI-EJECUTIVA', 1, '-', '2022-10-25', 'MESH', 'MALLA', 'GRIS', NULL, 25, NULL, 252.00, 1, 1, 2, NULL, '2022-10-25 12:23:04', NULL),
	(176, NULL, '0200011', 1, 2, 1, 'ESCRITORIO SECRETARIAL 2GABETAS', 1, '-', '2022-10-25', '-', '-', 'MARRON', NULL, 25, NULL, 840.00, 1, 1, 2, NULL, '2022-10-25 12:23:47', NULL),
	(177, NULL, '0200012', 1, 2, 1, 'SILLA SECRETARIAL ', 1, '-', '2022-10-25', NULL, NULL, 'NEGRO', NULL, 25, NULL, 252.00, 1, 1, 2, NULL, '2022-10-25 12:24:22', NULL),
	(178, NULL, '0200013', 1, 2, 1, 'SILLA EJECUTIVA', 1, '-', '2022-10-25', 'MESH', NULL, 'GRIS', NULL, 25, NULL, 252.00, 1, 1, 2, NULL, '2022-10-25 12:25:19', NULL),
	(179, NULL, '0200014', 1, 2, 1, 'ARTURITO DE MADERA 3GAVETAS', 1, '-', '2022-10-25', '-', '-', 'MARRON Y NEGRO', NULL, 25, NULL, 134.40, 1, 1, 2, NULL, '2022-10-25 12:26:46', NULL),
	(180, NULL, '0200015', 1, 2, 1, 'PAPELERA PLASTICA', 1, '-', '2022-10-25', 'MANAPLAS', NULL, 'BLANCA', NULL, 25, NULL, 33.60, 1, 1, 2, NULL, '2022-10-25 12:27:54', NULL),
	(181, NULL, '0200016', 1, 2, 1, 'ESTANTE TIPO ESCAPARATE GRANDE, 3 GABETAS Y 6 PUERTAS', 1, '-', '2022-10-25', NULL, NULL, 'CAOBA', NULL, 25, NULL, 1260.00, 1, 1, 2, NULL, '2022-10-25 12:29:13', NULL),
	(182, NULL, '0200017', 1, 2, 1, 'PAPELERA PLASTICA', 1, '-', '2022-10-25', '-', '-', 'NARANJA', NULL, 25, NULL, 33.60, 1, 1, 2, NULL, '2022-10-25 12:29:58', NULL),
	(183, NULL, '0200018', 1, 2, 1, 'CPU I5 4TH. GENERACION DE 4GB Y DISCO DURO DE 250GB COD. 2076081', 1, '1', '2022-01-19', 'DELL', '-', 'NEGRO', NULL, 25, NULL, 705.28, 1, 1, 2, NULL, '2022-10-25 12:32:13', NULL),
	(184, NULL, '0200019', 1, 2, 1, 'MONITOR 19" SERIAL 24402892585 COD. 24402892585', 1, '1', '2022-01-10', 'ACCER', 'V193W', 'NEGRO', NULL, 25, NULL, 774.00, 1, 1, 2, NULL, '2022-10-25 12:36:05', NULL),
	(185, NULL, '0200020', 1, 2, 1, 'TECLADO SERIAL BDMGHOCCP6V4F0', 1, '1', '2022-01-19', 'HP', 'SK2025', 'NEGRO', NULL, 25, NULL, 176.32, 1, 1, 2, NULL, '2022-10-25 12:37:46', NULL),
	(186, NULL, '0200021', 1, 2, 1, 'MOUSE ', 1, '1', '2022-01-19', 'ICEARMOR', '3DOPTICAL', 'NEGRO', NULL, 25, NULL, 176.32, 1, 1, 2, NULL, '2022-10-25 12:39:00', NULL),
	(187, NULL, '0200022', 1, 2, 1, 'REGULADOR DE VOLTAJE SERIAL07050011118', 1, '-', '2022-10-25', 'FORZA', NULL, 'NEGRO', NULL, 25, NULL, 88.20, 1, 1, 2, NULL, '2022-10-25 12:40:02', NULL),
	(188, NULL, '1100001', 1, 2, 1, 'SILLA EJECUTIVA', 1, '-', '2022-10-25', 'TRENDY ', 'BASE DE NAYLON', 'NEGRO', NULL, 4, NULL, 357.00, 1, 1, 11, NULL, '2022-10-25 12:42:13', NULL),
	(189, NULL, '1100002', 1, 2, 1, 'SILLA EJECUTIVA', 1, '-', '2022-10-25', 'TRENDY ', 'BASE DE NAYLON', 'NEGRO', NULL, 4, NULL, 357.00, 1, 1, 11, NULL, '2022-10-25 12:42:47', NULL),
	(190, NULL, '1100003', 1, 2, 1, 'SILLA EJECUTIVA', 1, '-', '2022-10-25', 'TRENDY ', 'BASE DE NAYLON', 'NEGRO', NULL, 4, NULL, 357.00, 1, 1, 11, NULL, '2022-10-25 12:43:24', NULL),
	(191, NULL, '1100004', 1, 2, 1, 'ARCHIVO DE METAL 4 GAVETAS', 1, '-', '2022-10-25', '-', '-', 'BEIGE', NULL, 4, NULL, 777.00, 1, 1, 11, NULL, '2022-10-25 12:44:04', NULL),
	(192, NULL, '1100005', 1, 2, 1, 'ARCHIVO TIPO ARTURITO 3 GAVETAS', 1, '-', '2022-10-25', '-', '-', 'MARRON', NULL, 4, NULL, 134.00, 1, 1, 11, NULL, '2022-10-25 12:44:48', NULL),
	(193, NULL, '1100006', 1, 2, 1, 'PERFORADORA AJUSTABLE DE 2 HUECOS', 1, '-', '2022-10-25', '-', '-', 'NEGRO', NULL, 4, NULL, 33.60, 1, 1, 11, NULL, '2022-10-25 12:45:37', NULL),
	(194, NULL, '1100007', 1, 2, 1, 'ESCRITORIO DE MADERA PARA COMPUTADORA 1 GAVETA', 1, '-', '2022-10-25', '-', '-', 'BEIGE', NULL, 4, NULL, 840.00, 1, 1, 11, NULL, '2022-10-25 12:46:28', NULL),
	(195, NULL, '1100008', 1, 2, 1, 'CALCULADORA 12DIGITOS SERIAL 696AQ94EA061053', 1, '-', '2022-10-25', 'CASIO', 'DR120TM', 'BEIGE', NULL, 4, NULL, 482.00, 1, 1, 11, NULL, '2022-10-25 12:47:36', NULL),
	(196, NULL, '1100009', 1, 2, 0, 'IMPRESORA LASER JET SERIAL V2A2358', 1, '-', '2022-10-25', 'HP', 'P3015', 'BEIGE', NULL, 4, NULL, 1386.00, 1, 1, 11, NULL, '2022-10-25 12:48:46', '2022-10-25 12:49:04'),
	(197, NULL, '1100011', 1, 2, 0, 'MONITOR SERIAL CBPC780K', 1, '-', '2022-10-25', 'LENOVO', '-', 'NEGRO', NULL, 4, NULL, 273.00, 1, 1, 11, NULL, '2022-10-25 12:49:47', '2022-10-25 12:50:39'),
	(198, NULL, '1100012', 1, 2, 0, 'CPU SERIAL LC0782', 1, '-', '2022-10-25', 'AMD', NULL, 'NEGRO', NULL, 4, NULL, 630.00, 1, 1, 11, NULL, '2022-10-25 12:51:36', NULL),
	(199, NULL, '1100013', 1, 2, 1, 'ARTURITO DE MADERA 3GAVETAS', 1, '-', '2022-10-25', '-', '-', 'MARRON', NULL, 4, NULL, 134.40, 1, 1, 11, NULL, '2022-10-25 12:52:15', NULL),
	(200, NULL, '1100014', 1, 2, 1, 'MOUSE SERIAL INC70218LM0246', 1, '-', '2022-10-25', 'XTECH', 'LM4130', 'GRIS CON NEGRO', NULL, 4, NULL, 16.80, 1, 1, 11, NULL, '2022-10-25 12:53:26', NULL),
	(201, NULL, '1100015', 1, 2, 1, 'TECLADO SERIAL INC90089LK0361', 1, '-', '2022-10-25', 'XTECH', NULL, 'NEGRO Y GRIS', NULL, 4, NULL, 20.40, 1, 1, 11, NULL, '2022-10-25 12:54:23', NULL),
	(202, NULL, '1100016', 1, 2, 1, 'IMPRESORA TINTA CONTINUA SERIAL SE8Y005967', 1, '-', '2022-10-25', 'EPSON', 'M205', 'NEGRO', NULL, 4, NULL, 1512.00, 1, 1, 11, NULL, '2022-10-25 12:55:28', NULL),
	(203, NULL, '1100018', 1, 2, 1, 'CORNETAS PARA PC ', 1, '-', '2022-10-25', 'OMEGA', NULL, 'NEGRO', NULL, 4, NULL, 84.00, 1, 1, 11, NULL, '2022-10-25 12:57:20', NULL),
	(204, NULL, '1100019', 1, 2, 1, 'CPU I5 4TH. GENERACION DE 4GB Y DISCO DURO DE 250GB COD. 10382893597 COD. 2076015', 1, '1', '2022-01-19', 'DELL', NULL, 'NEGRO', NULL, 4, NULL, 705.28, 1, 1, 11, NULL, '2022-10-25 13:00:12', NULL),
	(205, NULL, '1100020', 1, 2, 1, 'MONITOR 17" COD. 2062019', 1, '1', '2022-01-19', 'LENOVO', 'THINKVISION', 'NEGRO', NULL, 4, NULL, 705.28, 1, 1, 11, NULL, '2022-10-25 13:01:51', NULL),
	(206, NULL, '1100021', 1, 2, 1, 'TECLADO ', 1, '1', '2022-01-19', 'HP', NULL, 'NEGRO Y GRIS', NULL, 4, NULL, 176.28, 1, 1, 11, NULL, '2022-10-25 13:03:04', NULL),
	(207, NULL, '1100022', 1, 2, 1, 'MOUSE OPTICO', 1, '1', '2022-01-19', 'ICEARMOR', 'LM4130', 'NEGRO Y GRIS', NULL, 4, NULL, 176.28, 1, 1, 11, NULL, '2022-10-25 13:04:16', NULL),
	(208, NULL, '1100023', 1, 2, 1, 'REGULADOR DE VOLTAJE SERIAL 11282575388', 1, '-', '2022-10-25', 'FORZA', 'FVR-1211B', 'NEGRO', NULL, 4, NULL, 88.20, 1, 1, 11, NULL, '2022-10-25 13:05:27', NULL),
	(209, NULL, '1100024', 1, 2, 1, 'EXTINTOR DE POLVO QUIMICO SECO SERIAL 097175', 1, '-', '2022-10-25', NULL, NULL, NULL, NULL, 4, NULL, 210.00, 1, 1, 11, NULL, '2022-10-25 13:08:08', NULL),
	(210, NULL, '1100025', 1, 2, 1, 'ARTURITO DE MADERA 3GAVETAS', 1, '-', '2022-10-25', NULL, NULL, 'MARRON', NULL, 4, NULL, 134.40, 1, 1, 11, NULL, '2022-10-25 13:10:07', NULL),
	(211, NULL, '1100026', 1, 2, 1, 'ARTURITO DE MADERA 3GAVETAS', 1, '-', '2022-10-25', NULL, NULL, 'MARRON', NULL, 4, NULL, 134.40, 1, 1, 11, NULL, '2022-10-25 13:11:04', NULL),
	(212, NULL, '1100027', 1, 2, 1, 'TECLADO SERIALTH-07N124-37171-24K-0639', 1, '-', '2022-10-25', 'DELL', NULL, 'NEGRO', NULL, 4, NULL, 29.40, 1, 1, 11, NULL, '2022-10-25 13:12:38', NULL),
	(213, NULL, '1100028', 1, 2, 1, 'REGULADOR DE CORRIENTE SERIAL 09130681878', 1, '-', '2022-10-25', 'FORZA', 'FVR-1211B', 'NEGRO', NULL, 4, NULL, 88.20, 1, 1, 11, NULL, '2022-10-25 13:13:52', NULL);

-- Volcando estructura para tabla bienes.backup
CREATE TABLE IF NOT EXISTS `backup` (
  `id` int(11) NOT NULL AUTO_INCREMENT,
  `usuario_id` int(11) NOT NULL,
  `denominacion` varchar(200) NOT NULL,
  `tamano` varchar(45) DEFAULT NULL,
  `archivo` varchar(45) NOT NULL,
  `registrado_at` datetime DEFAULT NULL,
  PRIMARY KEY (`id`),
  KEY `fk_backup_usuario_idx` (`usuario_id`),
  CONSTRAINT `fk_backup_usuario` FOREIGN KEY (`usuario_id`) REFERENCES `usuario` (`id`) ON DELETE NO ACTION ON UPDATE CASCADE
) ENGINE=InnoDB AUTO_INCREMENT=2 DEFAULT CHARSET=utf8mb3 COLLATE=utf8mb3_general_ci COMMENT='Tabla que contiene las copias de seguridad del sistema';

-- Volcando datos para la tabla bienes.backup: ~0 rows (aproximadamente)
INSERT INTO `backup` (`id`, `usuario_id`, `denominacion`, `tamano`, `archivo`, `registrado_at`) VALUES
	(1, 2, 'Sistema inicial', '4,09 KB', 'backup-1.sql.gz', '2013-01-01 00:00:01');

-- Volcando estructura para tabla bienes.causa_movimiento
CREATE TABLE IF NOT EXISTS `causa_movimiento` (
  `id` int(11) NOT NULL AUTO_INCREMENT,
  `nombre` varchar(255) DEFAULT NULL,
  `observacion` varchar(255) DEFAULT NULL,
  `tipo` smallint(1) DEFAULT NULL,
  `afacta_contabilidad` smallint(1) DEFAULT NULL,
  `afecta_presupuesto` smallint(1) DEFAULT NULL,
  PRIMARY KEY (`id`)
) ENGINE=InnoDB DEFAULT CHARSET=utf8mb3 COLLATE=utf8mb3_general_ci;

-- Volcando datos para la tabla bienes.causa_movimiento: ~0 rows (aproximadamente)

-- Volcando estructura para tabla bienes.ciudad
CREATE TABLE IF NOT EXISTS `ciudad` (
  `id` int(11) NOT NULL AUTO_INCREMENT COMMENT 'Identificador de la ciudad',
  `ciudad` varchar(45) NOT NULL COMMENT 'Nombre de la cuidad',
  `registrado_at` datetime DEFAULT NULL COMMENT 'Fecha de registro',
  `modificado_in` datetime DEFAULT NULL COMMENT 'Fecha de la última modificación',
  PRIMARY KEY (`id`)
) ENGINE=InnoDB AUTO_INCREMENT=2 DEFAULT CHARSET=utf8mb3 COLLATE=utf8mb3_general_ci COMMENT='Tabla que contiene las ciudades que se manejan del sistema';

-- Volcando datos para la tabla bienes.ciudad: ~0 rows (aproximadamente)
INSERT INTO `ciudad` (`id`, `ciudad`, `registrado_at`, `modificado_in`) VALUES
	(1, 'Ocaña', '2013-01-01 00:00:01', NULL);

-- Volcando estructura para tabla bienes.condicion
CREATE TABLE IF NOT EXISTS `condicion` (
  `id` int(11) NOT NULL AUTO_INCREMENT,
  `nombre` varchar(255) DEFAULT NULL,
  `observacion` varchar(255) DEFAULT NULL,
  PRIMARY KEY (`id`)
) ENGINE=InnoDB AUTO_INCREMENT=5 DEFAULT CHARSET=utf8mb3 COLLATE=utf8mb3_general_ci;

-- Volcando datos para la tabla bienes.condicion: ~4 rows (aproximadamente)
INSERT INTO `condicion` (`id`, `nombre`, `observacion`) VALUES
	(1, 'Buen Estado', NULL),
	(2, 'Mal Estado', NULL),
	(3, 'Regular', NULL),
	(4, 'Operativo', NULL);

-- Volcando estructura para tabla bienes.desincorporacion
CREATE TABLE IF NOT EXISTS `desincorporacion` (
  `id` int(11) NOT NULL AUTO_INCREMENT,
  `causa_movimiento_id` int(11) NOT NULL,
  `unidad_organizacional_id` int(11) NOT NULL,
  `observacion` varchar(255) NOT NULL,
  PRIMARY KEY (`id`)
) ENGINE=InnoDB DEFAULT CHARSET=utf8mb3 COLLATE=utf8mb3_general_ci;

-- Volcando datos para la tabla bienes.desincorporacion: ~0 rows (aproximadamente)

-- Volcando estructura para tabla bienes.empresa
CREATE TABLE IF NOT EXISTS `empresa` (
  `id` int(11) NOT NULL AUTO_INCREMENT COMMENT 'Identificador de la empresa',
  `razon_social` varchar(100) NOT NULL COMMENT 'Nombre de la empresa',
  `siglas` varchar(45) DEFAULT NULL COMMENT 'Siglas del nombre de la empresa',
  `nit` varchar(15) NOT NULL COMMENT 'Número de identificación tributaria de la empresa',
  `dv` int(2) DEFAULT NULL COMMENT 'Digito de verificación del NIT',
  `representante_legal` varchar(100) NOT NULL COMMENT 'Nombre del representante legal de la empresa',
  `nuip` bigint(20) NOT NULL COMMENT 'Número de identificación personal',
  `tipo_nuip_id` int(1) NOT NULL COMMENT 'Tipo de identificación',
  `pagina_web` varchar(45) DEFAULT NULL,
  `logo` varchar(45) DEFAULT NULL,
  `registrado_at` varchar(45) DEFAULT NULL,
  `modificado_in` varchar(45) DEFAULT NULL,
  PRIMARY KEY (`id`),
  KEY `fk_empresa_tipo_nuip_idx` (`tipo_nuip_id`),
  CONSTRAINT `fk_empresa_tipo_nuip` FOREIGN KEY (`tipo_nuip_id`) REFERENCES `tipo_nuip` (`id`) ON DELETE NO ACTION ON UPDATE CASCADE
) ENGINE=InnoDB AUTO_INCREMENT=2 DEFAULT CHARSET=utf8mb3 COLLATE=utf8mb3_general_ci COMMENT='Tabla que contiene la información básica de la empresa';

-- Volcando datos para la tabla bienes.empresa: ~0 rows (aproximadamente)
INSERT INTO `empresa` (`id`, `razon_social`, `siglas`, `nit`, `dv`, `representante_legal`, `nuip`, `tipo_nuip_id`, `pagina_web`, `logo`, `registrado_at`, `modificado_in`) VALUES
	(1, 'Alcaldia del Municipio Antolin del Campo', 'AMAC', '7875452412', 6, 'David Caraballo', 1091652165, 4, 'htp://www.dailyscript.com.co', 'ece14eb2cad347dd30b57631faf398e3.jpg', '2013-01-01 00:00:01', '2022-09-18 9:35:25');

-- Volcando estructura para tabla bienes.estado_usuario
CREATE TABLE IF NOT EXISTS `estado_usuario` (
  `id` int(11) NOT NULL AUTO_INCREMENT COMMENT 'Identificador del estado del usuario',
  `usuario_id` int(11) NOT NULL COMMENT 'Identificador del usuario',
  `estado_usuario` int(11) NOT NULL COMMENT 'Código del estado del usuario',
  `descripcion` varchar(100) NOT NULL COMMENT 'Motivo del cambio de estado',
  `fecha_estado_at` datetime DEFAULT NULL COMMENT 'Fecha del cambio de estado',
  PRIMARY KEY (`id`),
  KEY `fk_estado_usuario_usuario_idx` (`usuario_id`),
  CONSTRAINT `fk_estado_usuario_usuario` FOREIGN KEY (`usuario_id`) REFERENCES `usuario` (`id`) ON DELETE NO ACTION ON UPDATE CASCADE
) ENGINE=InnoDB AUTO_INCREMENT=3 DEFAULT CHARSET=utf8mb3 COLLATE=utf8mb3_general_ci COMMENT='Tabla que contiene los estados de los usuarios';

-- Volcando datos para la tabla bienes.estado_usuario: ~2 rows (aproximadamente)
INSERT INTO `estado_usuario` (`id`, `usuario_id`, `estado_usuario`, `descripcion`, `fecha_estado_at`) VALUES
	(1, 1, 2, 'Bloqueado por ser un usuario sin privilegios', '2013-01-01 00:00:01'),
	(2, 2, 1, 'Activo por ser el Super Usuario del sistema', '2013-01-01 00:00:01');

-- Volcando estructura para tabla bienes.fuente_financiamiento
CREATE TABLE IF NOT EXISTS `fuente_financiamiento` (
  `id` int(11) NOT NULL AUTO_INCREMENT,
  `nombre` varchar(50) DEFAULT NULL,
  PRIMARY KEY (`id`)
) ENGINE=InnoDB AUTO_INCREMENT=3 DEFAULT CHARSET=utf8mb3 COLLATE=utf8mb3_general_ci;

-- Volcando datos para la tabla bienes.fuente_financiamiento: ~2 rows (aproximadamente)
INSERT INTO `fuente_financiamiento` (`id`, `nombre`) VALUES
	(1, 'Ingresos Propios'),
	(2, 'Donación');

-- Volcando estructura para tabla bienes.grupo
CREATE TABLE IF NOT EXISTS `grupo` (
  `id` int(11) NOT NULL AUTO_INCREMENT,
  `nombre` varchar(50) NOT NULL DEFAULT '0',
  PRIMARY KEY (`id`)
) ENGINE=InnoDB AUTO_INCREMENT=3 DEFAULT CHARSET=utf8mb3 COLLATE=utf8mb3_general_ci;

-- Volcando datos para la tabla bienes.grupo: ~2 rows (aproximadamente)
INSERT INTO `grupo` (`id`, `nombre`) VALUES
	(1, '01'),
	(2, '02');

-- Volcando estructura para tabla bienes.incorporacion
CREATE TABLE IF NOT EXISTS `incorporacion` (
  `id` int(11) NOT NULL AUTO_INCREMENT,
  `causa_movimiento_id` int(11) NOT NULL,
  `responsable_id` int(11) NOT NULL,
  `unidad_organizacional_id` int(11) NOT NULL,
  `fecha` date NOT NULL,
  `observaciones` text DEFAULT NULL,
  PRIMARY KEY (`id`)
) ENGINE=InnoDB DEFAULT CHARSET=utf8mb3 COLLATE=utf8mb3_general_ci;

-- Volcando datos para la tabla bienes.incorporacion: ~0 rows (aproximadamente)

-- Volcando estructura para tabla bienes.menu
CREATE TABLE IF NOT EXISTS `menu` (
  `id` int(11) NOT NULL AUTO_INCREMENT COMMENT 'Identificador del menú',
  `menu_id` int(11) DEFAULT NULL COMMENT 'Identificador del menú padre',
  `recurso_id` int(11) DEFAULT NULL COMMENT 'Identificador del recurso',
  `menu` varchar(45) NOT NULL COMMENT 'Texto a mostrar del menú',
  `url` varchar(60) DEFAULT NULL COMMENT 'Url del menú',
  `posicion` int(11) DEFAULT 0 COMMENT 'Posisión dentro de otros items',
  `icono` varchar(45) DEFAULT NULL COMMENT 'Icono a mostrar ',
  `activo` int(1) NOT NULL DEFAULT 1 COMMENT 'Menú activo o inactivo',
  `visibilidad` int(1) NOT NULL DEFAULT 1 COMMENT 'Indica si el menú se muestra en el backend o en el frontend',
  PRIMARY KEY (`id`),
  KEY `fk_menu_recurso_idx` (`recurso_id`),
  KEY `fk_menu_menu_idx` (`menu_id`),
  CONSTRAINT `fk_menu_menu` FOREIGN KEY (`menu_id`) REFERENCES `menu` (`id`) ON DELETE NO ACTION ON UPDATE CASCADE,
  CONSTRAINT `fk_menu_recurso` FOREIGN KEY (`recurso_id`) REFERENCES `recurso` (`id`) ON DELETE NO ACTION ON UPDATE CASCADE
) ENGINE=InnoDB AUTO_INCREMENT=39 DEFAULT CHARSET=utf8mb3 COLLATE=utf8mb3_general_ci COMMENT='Tabla que contiene los menú para los usuarios';

-- Volcando datos para la tabla bienes.menu: ~31 rows (aproximadamente)
INSERT INTO `menu` (`id`, `menu_id`, `recurso_id`, `menu`, `url`, `posicion`, `icono`, `activo`, `visibilidad`) VALUES
	(1, NULL, NULL, 'Dashboard', '#', 10, 'fa-dashboard', 1, 1),
	(3, NULL, NULL, 'Sistema', '#', 900, 'fa-gear', 1, 1),
	(4, 3, 4, 'Accesos', 'sistema/acceso/listar/', 901, 'icon-exchange', 1, 1),
	(5, 3, 5, 'Auditorías', 'sistema/auditoria/', 902, 'icon-eye-open', 1, 1),
	(6, 3, 6, 'Backups', 'sistema/backup/listar/', 903, 'icon-hdd', 1, 1),
	(7, 3, 7, 'Mantenimiento', 'sistema/mantenimiento/', 904, 'icon-bolt', 1, 1),
	(8, 3, 8, 'Menús', 'sistema/menu/listar/', 905, 'icon-list', 1, 1),
	(9, 3, 9, 'Perfiles', 'sistema/perfil/listar/', 906, 'icon-group', 1, 1),
	(10, 3, 10, 'Permisos', 'sistema/privilegio/listar/', 907, 'icon-magic', 1, 1),
	(11, 3, 11, 'Recursos', 'sistema/recurso/listar/', 908, 'icon-lock', 1, 1),
	(12, 3, 12, 'Usuarios', 'sistema/usuario/listar/', 909, 'icon-user', 1, 1),
	(13, 3, 13, 'Visor de sucesos', 'sistema/sucesos/', 910, 'icon-filter', 1, 1),
	(14, 3, 14, 'Sistema', 'sistema/configuracion/', 911, 'icon-wrench', 1, 1),
	(15, NULL, NULL, 'Configuraciones', '#', 800, 'fa-gears', 1, 1),
	(16, 15, 15, 'Empresa', 'config/empresa/', 801, 'icon-briefcase', 1, 1),
	(18, 1, 2, 'Dashboard', 'dashboard', 1, 'fa', 1, 1),
	(19, NULL, NULL, 'Procesos', '#', 16, 'fa-th', 1, 1),
	(21, NULL, NULL, 'Reportes', '#', 21, 'fa-bar-chart', 1, 1),
	(23, NULL, NULL, 'Mantenimiento', '#', 15, 'fa-wrench', 1, 1),
	(26, 23, 21, 'Meotodo de Rotulacion', 'rotulacion', 1, NULL, 1, 1),
	(27, 23, 22, 'Condición del Activo', 'condicion', 3, NULL, 1, 1),
	(28, 7, NULL, 'Causas de Movimientos', '#', 1, NULL, 1, 1),
	(29, 23, NULL, 'Unidad Organizacional', 'unidad_organizacional', 4, NULL, 1, 1),
	(30, 23, 23, 'Activos', 'activo', 5, NULL, 1, 1),
	(31, 23, NULL, 'Reponsables', 'responsable', 6, NULL, 1, 1),
	(32, 19, NULL, 'Incorporaciones', '#', 1, NULL, 1, 1),
	(33, 19, NULL, 'Desincorporacion', '#', 0, NULL, 1, 1),
	(34, 23, NULL, 'Fuente Financiamiento', 'fuente_financiamiento', 0, NULL, 1, 1),
	(35, 23, NULL, 'Grupos', 'grupo', 0, NULL, 1, 1),
	(36, 23, NULL, 'Sub-Grupos', 'subgrupo', 1, NULL, 1, 1),
	(38, 21, NULL, 'Listado de Activos', 'reportes/listado_activos', 1, NULL, 1, 1);

-- Volcando estructura para tabla bienes.perfil
CREATE TABLE IF NOT EXISTS `perfil` (
  `id` int(2) NOT NULL AUTO_INCREMENT COMMENT 'Identificador del perfil',
  `perfil` varchar(45) NOT NULL COMMENT 'Nombre del perfil',
  `estado` int(1) NOT NULL DEFAULT 1 COMMENT 'Indica si el perfil esta activo o inactivo',
  `plantilla` varchar(45) DEFAULT 'default' COMMENT 'Plantilla para usar en el sitema',
  `registrado_at` datetime DEFAULT NULL COMMENT 'Fecha de registro del perfil',
  PRIMARY KEY (`id`)
) ENGINE=InnoDB AUTO_INCREMENT=2 DEFAULT CHARSET=utf8mb3 COLLATE=utf8mb3_general_ci COMMENT='Tabla que contiene los grupos de los usuarios';

-- Volcando datos para la tabla bienes.perfil: ~0 rows (aproximadamente)
INSERT INTO `perfil` (`id`, `perfil`, `estado`, `plantilla`, `registrado_at`) VALUES
	(1, 'Super Usuario', 1, 'default', '2013-01-01 00:00:01');

-- Volcando estructura para tabla bienes.persona
CREATE TABLE IF NOT EXISTS `persona` (
  `id` int(11) NOT NULL AUTO_INCREMENT,
  `nombre` varchar(50) NOT NULL,
  `apellido` varchar(100) DEFAULT NULL,
  `nuip` bigint(20) NOT NULL COMMENT 'Número de identificación personal',
  `tipo_nuip_id` int(11) NOT NULL COMMENT 'Tipo de identificación',
  `telefono` varchar(45) DEFAULT NULL,
  `fotografia` varchar(45) DEFAULT 'default.png' COMMENT 'Fotografía',
  `registrado_at` datetime DEFAULT NULL,
  `modificado_in` datetime DEFAULT NULL,
  PRIMARY KEY (`id`),
  KEY `fk_persona_tipo_nuip_idx` (`tipo_nuip_id`),
  CONSTRAINT `fk_persona_tipo_nuip` FOREIGN KEY (`tipo_nuip_id`) REFERENCES `tipo_nuip` (`id`) ON DELETE NO ACTION ON UPDATE CASCADE
) ENGINE=InnoDB AUTO_INCREMENT=3 DEFAULT CHARSET=utf8mb3 COLLATE=utf8mb3_general_ci COMMENT='Tabla que contiene las personas que interactúan con el sistema';

-- Volcando datos para la tabla bienes.persona: ~2 rows (aproximadamente)
INSERT INTO `persona` (`id`, `nombre`, `apellido`, `nuip`, `tipo_nuip_id`, `telefono`, `fotografia`, `registrado_at`, `modificado_in`) VALUES
	(1, 'Admin', 'Admin', 1010101010, 1, NULL, 'default.png', '2013-01-01 00:00:01', NULL),
	(2, 'Administrador', '', 1091652165, 1, NULL, 'default.png', '2013-01-01 00:00:01', NULL);

-- Volcando estructura para tabla bienes.recurso
CREATE TABLE IF NOT EXISTS `recurso` (
  `id` int(11) NOT NULL AUTO_INCREMENT COMMENT 'Identificador del recurso',
  `modulo` varchar(45) DEFAULT NULL COMMENT 'Nombre del módulo',
  `controlador` varchar(45) DEFAULT NULL COMMENT 'Nombre del controlador',
  `accion` varchar(45) DEFAULT NULL COMMENT 'Nombre de la acción',
  `recurso` varchar(100) DEFAULT NULL COMMENT 'Nombre del recurso',
  `descripcion` text NOT NULL COMMENT 'Descripción del recurso',
  `activo` int(1) NOT NULL DEFAULT 1 COMMENT 'Estado del recurso',
  `registrado_at` datetime DEFAULT NULL COMMENT 'Fecha de registro',
  PRIMARY KEY (`id`)
) ENGINE=InnoDB AUTO_INCREMENT=25 DEFAULT CHARSET=utf8mb3 COLLATE=utf8mb3_general_ci COMMENT='Tabla que contiene los recursos a los que acceden los usuarios';

-- Volcando datos para la tabla bienes.recurso: ~24 rows (aproximadamente)
INSERT INTO `recurso` (`id`, `modulo`, `controlador`, `accion`, `recurso`, `descripcion`, `activo`, `registrado_at`) VALUES
	(1, '*', NULL, NULL, '*', 'Comodín para la administración total (usar con cuidado)', 1, '2013-01-01 00:00:01'),
	(2, 'dashboard', '*', '*', 'dashboard/*/*', 'Página principal del sistema', 1, '2013-01-01 00:00:01'),
	(3, 'sistema', 'mi_cuenta', '*', 'sistema/mi_cuenta/*', 'Gestión de la cuenta del usuario logueado', 1, '2013-01-01 00:00:01'),
	(4, 'sistema', 'acceso', '*', 'sistema/acceso/*', 'Submódulo para la gestión de ingresos al sistema', 1, '2013-01-01 00:00:01'),
	(5, 'sistema', 'auditoria', '*', 'sistema/auditoria/*', 'Submódulo para el control de las acciones de los usuarios', 1, '2013-01-01 00:00:01'),
	(6, 'sistema', 'backup', '*', 'sistema/backup/*', 'Submódulo para la gestión de las copias de seguridad', 1, '2013-01-01 00:00:01'),
	(7, 'sistema', 'mantenimiento', '*', 'sistema/mantenimiento/*', 'Submódulo para el mantenimiento de las tablas', 1, '2013-01-01 00:00:01'),
	(8, 'sistema', 'menu', '*', 'sistema/menu/*', 'Submódulo del sistema para la creación de menús', 1, '2013-01-01 00:00:01'),
	(9, 'sistema', 'perfil', '*', 'sistema/perfil/*', 'Submódulo del sistema para los perfiles de usuarios', 1, '2013-01-01 00:00:01'),
	(10, 'sistema', 'privilegio', '*', 'sistema/privilegio/*', 'Submódulo del sistema para asignar recursos a los perfiles', 1, '2013-01-01 00:00:01'),
	(11, 'sistema', 'recurso', '*', 'sistema/recurso/*', 'Submódulo del sistema para la gestión de los recursos', 1, '2013-01-01 00:00:01'),
	(12, 'sistema', 'usuario', '*', 'sistema/usuario/*', 'Submódulo para la administración de los usuarios del sistema', 1, '2013-01-01 00:00:01'),
	(13, 'sistema', 'sucesos', '*', 'sistema/suceso/*', 'Submódulo para el listado de los logs del sistema', 1, '2013-01-01 00:00:01'),
	(14, 'sistema', 'configuracion', '*', 'sistema/configuracion/*', 'Submódulo para la configuración de la aplicación (.ini)', 1, '2013-01-01 00:00:01'),
	(15, 'config', 'empresa', '*', 'config/empresa/*', 'Submódulo para la configuración de la información de la empresa', 1, '2013-01-01 00:00:01'),
	(16, 'config', 'sucursal', '*', 'config/sucursal/*', 'Submódulo para la administración de las sucursales', 1, '2013-01-01 00:00:01'),
	(17, 'reportes', 'reporte', '*', 'reportes/reporte/*', 'listado de pacientes', 1, '2017-11-26 11:56:16'),
	(18, 'gestion', 'paciente', '*', 'gestion/paciente/*', 'Modulo de Paciente', 1, '2017-11-26 14:30:33'),
	(19, 'mantenimiento', 'antecedente', '*', 'mantenimiento/antecedente/*', 'Mantenimientos de los antecendentes', 1, '2017-12-04 04:18:14'),
	(20, 'prueba', 'prueba', 'index', 'prueba/prueba/index', 'prueba', 1, '2022-06-23 10:45:06'),
	(21, NULL, 'rotulacion', '*', 'rotulacion/*', 'Mantenimiento de metodos de rotulacion', 1, '2022-08-03 01:48:59'),
	(22, NULL, 'condicion', '*', 'condicion/*', 'condición del Activo', 1, '2022-09-02 07:09:59'),
	(23, NULL, 'activo', '*', 'activo/*', 'Activos', 1, '2022-09-02 10:18:46'),
	(24, NULL, 'responsable', '*', 'responsable/*', 'Responables', 1, '2022-09-02 10:19:45');

-- Volcando estructura para tabla bienes.recurso_perfil
CREATE TABLE IF NOT EXISTS `recurso_perfil` (
  `id` int(11) NOT NULL AUTO_INCREMENT,
  `recurso_id` int(11) NOT NULL,
  `perfil_id` int(11) NOT NULL,
  `registrado_at` datetime DEFAULT NULL,
  `modificado_in` datetime DEFAULT NULL,
  PRIMARY KEY (`id`),
  KEY `fk_recurso_perfil_recurso_idx` (`recurso_id`),
  KEY `fk_recurso_perfil_perfil_idx` (`perfil_id`),
  CONSTRAINT `fk_recurso_perfil_perfil` FOREIGN KEY (`perfil_id`) REFERENCES `perfil` (`id`) ON DELETE NO ACTION ON UPDATE CASCADE,
  CONSTRAINT `fk_recurso_perfil_recurso` FOREIGN KEY (`recurso_id`) REFERENCES `recurso` (`id`) ON DELETE NO ACTION ON UPDATE CASCADE
) ENGINE=InnoDB AUTO_INCREMENT=2 DEFAULT CHARSET=utf8mb3 COLLATE=utf8mb3_general_ci COMMENT='Tabla que contiene los recursos del usuario en el sistema segun su perfl';

-- Volcando datos para la tabla bienes.recurso_perfil: ~0 rows (aproximadamente)
INSERT INTO `recurso_perfil` (`id`, `recurso_id`, `perfil_id`, `registrado_at`, `modificado_in`) VALUES
	(1, 1, 1, '2013-01-01 00:00:01', NULL);

-- Volcando estructura para tabla bienes.responsable
CREATE TABLE IF NOT EXISTS `responsable` (
  `id` int(11) NOT NULL AUTO_INCREMENT,
  `nombre` varchar(255) NOT NULL,
  `cedula` varchar(255) DEFAULT NULL,
  `telefono` varchar(255) DEFAULT NULL,
  `estatus` int(11) NOT NULL,
  PRIMARY KEY (`id`)
) ENGINE=InnoDB AUTO_INCREMENT=27 DEFAULT CHARSET=utf8mb3 COLLATE=utf8mb3_general_ci;

-- Volcando datos para la tabla bienes.responsable: ~26 rows (aproximadamente)
INSERT INTO `responsable` (`id`, `nombre`, `cedula`, `telefono`, `estatus`) VALUES
	(1, 'USO COMUN', NULL, NULL, 1),
	(2, 'BELINDA ORDAZ', '9306455', '04267374970', 1),
	(3, 'MERY MATA', '9426014', '04261884525', 1),
	(4, 'ELIAS HERNANDEZ', '10202878', '04123560722', 1),
	(5, 'ROSARIO  HERNANDEZ', '11852874', '04263892784', 1),
	(6, 'GREOMARI AGUILERA', '26586510', '04141899611', 1),
	(7, 'ANGELIS DIAZ', '20113209', '04169951623', 1),
	(8, 'MANRIQUE MARTINEZ', '12920267', '04161992098', 1),
	(9, 'JESUS RODRIGUEZ', '19807954', '04162921792', 1),
	(10, 'MARILY GONZALEZ', '4051507', '04248361348', 1),
	(11, 'EDGAR RIVERA', '11856040', '04263897576', 1),
	(12, 'MEGLYS CARABALLO', '12221150', '04261874714', 1),
	(13, 'LUIS ROSAS', '19116009', '04120674434', 1),
	(14, 'ELVIMAR MARIN', '14359223', '04127954657', 1),
	(15, 'FABIOLA MALAVER', '12417726', '04265678011', 1),
	(16, 'ANGEL LOPEZ', '8394396', '04163992896', 1),
	(17, 'KEILA ESCUDERO', '6230059', '04123569790', 1),
	(18, 'JESUS JOSEFINA MARTINEZ', '5473251', '04167962639', 1),
	(19, 'FLOR MARIN', '9304019', '04128401266', 1),
	(20, 'GREGORYS NATERA', '17110163', '04120961293', 1),
	(21, 'OSMARYS FARIAS', '20324683', '04148020146', 1),
	(22, 'JOHANA GONZALEZ', '15422807', '02952356789', 1),
	(23, 'TOMMY SUBERO', '14685099', '04123947967', 1),
	(24, 'MALDWILL MOTA', '16335413', '04269377816', 1),
	(25, 'ORANGEL REYES', '18113038', '04127952444', 1),
	(26, 'RUBEN MOYA', '4047284', '04123456789', 1);

-- Volcando estructura para tabla bienes.rotulacion
CREATE TABLE IF NOT EXISTS `rotulacion` (
  `id` int(11) NOT NULL AUTO_INCREMENT,
  `nombre` varchar(255) DEFAULT NULL,
  `observacion` varchar(255) DEFAULT NULL,
  PRIMARY KEY (`id`)
) ENGINE=InnoDB AUTO_INCREMENT=6 DEFAULT CHARSET=utf8mb3 COLLATE=utf8mb3_general_ci;

-- Volcando datos para la tabla bienes.rotulacion: ~5 rows (aproximadamente)
INSERT INTO `rotulacion` (`id`, `nombre`, `observacion`) VALUES
	(1, 'Etiquetas Autoadhesiva', NULL),
	(2, 'Grabacion por arenado', NULL),
	(3, 'Pintado', NULL),
	(4, 'Rotulo Rigido', NULL),
	(5, 'Herrete', NULL);

-- Volcando estructura para tabla bienes.subgrupo
CREATE TABLE IF NOT EXISTS `subgrupo` (
  `id` int(11) NOT NULL AUTO_INCREMENT,
  `nombre` varchar(50) NOT NULL DEFAULT '0',
  `grupo_id` int(11) NOT NULL DEFAULT 0,
  PRIMARY KEY (`id`)
) ENGINE=InnoDB AUTO_INCREMENT=3 DEFAULT CHARSET=utf8mb3 COLLATE=utf8mb3_general_ci;

-- Volcando datos para la tabla bienes.subgrupo: ~2 rows (aproximadamente)
INSERT INTO `subgrupo` (`id`, `nombre`, `grupo_id`) VALUES
	(1, '01', 2),
	(2, '02', 2);

-- Volcando estructura para tabla bienes.sucursal
CREATE TABLE IF NOT EXISTS `sucursal` (
  `id` int(11) NOT NULL AUTO_INCREMENT COMMENT 'Identificación de la sucursal',
  `empresa_id` int(11) NOT NULL COMMENT 'Identificador de la empresa',
  `sucursal` varchar(45) NOT NULL COMMENT 'Nombre de la sucursal',
  `sucursal_slug` varchar(45) DEFAULT NULL COMMENT 'Slug de la sucursal',
  `direccion` varchar(45) DEFAULT NULL COMMENT 'Dirección de la sucursal',
  `telefono` varchar(45) DEFAULT NULL COMMENT 'Número del teléfono',
  `fax` varchar(45) DEFAULT NULL COMMENT 'Número del fax',
  `celular` varchar(45) DEFAULT NULL COMMENT 'Número de celular',
  `ciudad_id` int(11) NOT NULL COMMENT 'Identificador de la ciudad',
  `registrado_at` datetime DEFAULT NULL COMMENT 'Fecha de registro',
  `modificado_in` datetime DEFAULT NULL COMMENT 'Fecha de la última modificación',
  PRIMARY KEY (`id`),
  KEY `fk_sucursal_empresa_idx` (`empresa_id`),
  KEY `fk_sucursal_ciudad_idx` (`ciudad_id`),
  CONSTRAINT `fk_sucursal_ciudad` FOREIGN KEY (`ciudad_id`) REFERENCES `ciudad` (`id`) ON DELETE NO ACTION ON UPDATE CASCADE,
  CONSTRAINT `fk_sucursal_empresa` FOREIGN KEY (`empresa_id`) REFERENCES `empresa` (`id`) ON DELETE NO ACTION ON UPDATE CASCADE
) ENGINE=InnoDB AUTO_INCREMENT=2 DEFAULT CHARSET=utf8mb3 COLLATE=utf8mb3_general_ci COMMENT='Tabla que contiene las sucursales de la empresa';

-- Volcando datos para la tabla bienes.sucursal: ~0 rows (aproximadamente)
INSERT INTO `sucursal` (`id`, `empresa_id`, `sucursal`, `sucursal_slug`, `direccion`, `telefono`, `fax`, `celular`, `ciudad_id`, `registrado_at`, `modificado_in`) VALUES
	(1, 1, 'Oficina Principal', 'oficina-principal', 'Dirección', '3162404183', '3162404183', '3162404183', 1, '2013-01-01 00:00:01', NULL);

-- Volcando estructura para tabla bienes.tipo
CREATE TABLE IF NOT EXISTS `tipo` (
  `id` int(11) NOT NULL AUTO_INCREMENT,
  `nombre` varchar(255) NOT NULL,
  PRIMARY KEY (`id`)
) ENGINE=InnoDB DEFAULT CHARSET=utf8mb3 COLLATE=utf8mb3_general_ci;

-- Volcando datos para la tabla bienes.tipo: ~0 rows (aproximadamente)

-- Volcando estructura para tabla bienes.tipo_nuip
CREATE TABLE IF NOT EXISTS `tipo_nuip` (
  `id` int(11) NOT NULL AUTO_INCREMENT,
  `tipo_nuip` varchar(45) NOT NULL COMMENT 'Nombre del tipo de identificación',
  PRIMARY KEY (`id`)
) ENGINE=InnoDB AUTO_INCREMENT=6 DEFAULT CHARSET=utf8mb3 COLLATE=utf8mb3_general_ci COMMENT='Tabla que contiene los tipos de identificación de las personas';

-- Volcando datos para la tabla bienes.tipo_nuip: ~5 rows (aproximadamente)
INSERT INTO `tipo_nuip` (`id`, `tipo_nuip`) VALUES
	(1, 'C.I.'),
	(2, 'E.'),
	(3, 'PAS.'),
	(4, 'R.I.F.'),
	(5, 'F.P');

-- Volcando estructura para tabla bienes.ubicacion
CREATE TABLE IF NOT EXISTS `ubicacion` (
  `id` int(11) NOT NULL AUTO_INCREMENT,
  `nombre` varchar(255) DEFAULT NULL,
  PRIMARY KEY (`id`)
) ENGINE=InnoDB DEFAULT CHARSET=utf8mb3 COLLATE=utf8mb3_general_ci;

-- Volcando datos para la tabla bienes.ubicacion: ~0 rows (aproximadamente)

-- Volcando estructura para tabla bienes.unidad_organizacional
CREATE TABLE IF NOT EXISTS `unidad_organizacional` (
  `id` int(11) NOT NULL AUTO_INCREMENT,
  `nombre` varchar(255) NOT NULL,
  PRIMARY KEY (`id`)
) ENGINE=InnoDB AUTO_INCREMENT=29 DEFAULT CHARSET=utf8mb3 COLLATE=utf8mb3_general_ci;

-- Volcando datos para la tabla bienes.unidad_organizacional: ~28 rows (aproximadamente)
INSERT INTO `unidad_organizacional` (`id`, `nombre`) VALUES
	(1, 'Despacho del Alcalde'),
	(2, 'Sala Tecnica'),
	(3, 'Sindicatura'),
	(4, 'Servicio Publico'),
	(5, 'Hacienda'),
	(6, 'Auditoria Interna'),
	(7, 'Administracion'),
	(8, 'Catastro'),
	(9, 'Contabilidad'),
	(10, 'Recaudacion'),
	(11, 'Presupuesto'),
	(12, 'Protocolo'),
	(13, 'Turismo'),
	(14, 'Proteccion Social'),
	(15, 'Gestion Humana'),
	(16, 'Juventud'),
	(17, 'Infraestructura'),
	(18, 'Ambiente y Pesca'),
	(19, 'Agricultura'),
	(20, 'Mujer'),
	(21, 'Seguridad Ciudadana'),
	(22, 'Educacion y Cultura'),
	(23, 'Alimentacion'),
	(24, 'Registro Civil'),
	(25, 'Defensoria del NNA'),
	(26, 'Consejo de Proteccion'),
	(27, 'Misiones y Grandes M.'),
	(28, 'Bienes');

-- Volcando estructura para tabla bienes.usuario
CREATE TABLE IF NOT EXISTS `usuario` (
  `id` int(11) NOT NULL AUTO_INCREMENT COMMENT 'Identificador del usuario',
  `sucursal_id` int(11) DEFAULT NULL COMMENT 'Identificador a la sucursal a la cual pertenece',
  `persona_id` int(11) NOT NULL COMMENT 'Identificador de la persona',
  `login` varchar(45) NOT NULL COMMENT 'Nombre de usuario',
  `password` varchar(45) NOT NULL COMMENT 'Contraseña de acceso al sistea',
  `perfil_id` int(2) NOT NULL COMMENT 'Identificador del perfil',
  `email` varchar(45) DEFAULT NULL COMMENT 'Dirección del correo electónico',
  `tema` varchar(45) DEFAULT 'default' COMMENT 'Tema aplicable para la interfaz',
  `app_ajax` int(1) DEFAULT 1 COMMENT 'Indica si la app se trabaja con ajax o peticiones normales',
  `datagrid` int(11) DEFAULT 30 COMMENT 'Datos por página en los datagrid',
  `registrado_at` datetime DEFAULT NULL COMMENT 'Fecha de registro',
  `modificado_in` datetime DEFAULT NULL COMMENT 'Fecha de la última modificación',
  PRIMARY KEY (`id`),
  KEY `fk_usuario_perfil_idx` (`perfil_id`),
  KEY `fk_usuario_persona_idx` (`persona_id`),
  KEY `fk_usuario_sucursal_idx` (`sucursal_id`),
  CONSTRAINT `fk_usuario_perfil` FOREIGN KEY (`perfil_id`) REFERENCES `perfil` (`id`) ON DELETE NO ACTION ON UPDATE CASCADE,
  CONSTRAINT `fk_usuario_persona` FOREIGN KEY (`persona_id`) REFERENCES `persona` (`id`) ON DELETE NO ACTION ON UPDATE CASCADE,
  CONSTRAINT `fk_usuario_sucursal` FOREIGN KEY (`sucursal_id`) REFERENCES `sucursal` (`id`) ON DELETE NO ACTION ON UPDATE CASCADE
) ENGINE=InnoDB AUTO_INCREMENT=3 DEFAULT CHARSET=utf8mb3 COLLATE=utf8mb3_general_ci COMMENT='Tabla que contiene los usuarios';

-- Volcando datos para la tabla bienes.usuario: ~2 rows (aproximadamente)
INSERT INTO `usuario` (`id`, `sucursal_id`, `persona_id`, `login`, `password`, `perfil_id`, `email`, `tema`, `app_ajax`, `datagrid`, `registrado_at`, `modificado_in`) VALUES
	(1, NULL, 1, 'error', '963db57a0088931e0e3627b1e73e6eb5', 1, NULL, 'default', 1, 30, '2013-01-01 00:00:01', NULL),
	(2, NULL, 2, 'admin', 'd93a5def7511da3d0f2d171d9c344e91', 1, NULL, 'default', 1, 30, '2013-01-01 00:00:01', NULL);

/*!40103 SET TIME_ZONE=IFNULL(@OLD_TIME_ZONE, 'system') */;
/*!40101 SET SQL_MODE=IFNULL(@OLD_SQL_MODE, '') */;
/*!40014 SET FOREIGN_KEY_CHECKS=IFNULL(@OLD_FOREIGN_KEY_CHECKS, 1) */;
/*!40101 SET CHARACTER_SET_CLIENT=@OLD_CHARACTER_SET_CLIENT */;
/*!40111 SET SQL_NOTES=IFNULL(@OLD_SQL_NOTES, 1) */;
